date,wind_speed,wind_direction,temperature
2022-01-01,6.55,155,24.7
2022-01-02,7.2,178,25.3
2022-01-03,5.5,256,23.7
2022-01-04,5.41,35,21.6
2022-01-05,4.0,163,23.1
2022-01-06,3.68,282,21.1
2022-01-07,3.35,176,22.3
2022-01-08,7.43,65,23.3
2022-01-09,7.24,94,22.7
2022-01-10,4.18,68,22.0
2022-01-11,6.84,10,20.1
2022-01-12,6.85,55,20.7
2022-01-13,5.04,327,20.3
2022-01-14,5.46,317,17.5
2022-01-15,4.63,195,18.1
2022-01-16,10.8,200,21.3
2022-01-17,7.67,285,18.0
2022-01-18,4.96,350,14.9
2022-01-19,5.52,103,17.8
2022-01-20,5.83,143,22.0
2022-01-21,3.32,203,21.7
2022-01-22,4.33,336,20.5
2022-01-23,5.26,324,16.5
2022-01-24,4.94,333,11.2
2022-01-25,3.97,59,16.9
2022-01-26,6.6,197,22.4
2022-01-27,3.83,337,21.1
2022-01-28,5.43,298,20.3
2022-01-29,9.72,312,13.7
2022-01-30,6.22,338,9.9
2022-01-31,5.98,359,13.8
2022-02-01,7.3,88,19.9
2022-02-02,7.41,107,22.7
2022-02-03,6.62,118,23.6
2022-02-04,6.24,137,24.0
2022-02-05,3.25,126,23.1
2022-02-06,3.72,151,22.4
2022-02-07,4.62,177,22.3
2022-02-08,4.12,21,21.5
2022-02-09,5.59,342,18.5
2022-02-10,5.58,7,18.9
2022-02-11,3.2,83,21.4
2022-02-12,3.91,86,22.3
2022-02-13,5.92,301,20.7
2022-02-14,8.19,347,16.2
2022-02-15,9.46,66,20.1
2022-02-16,8.51,86,22.4
2022-02-17,7.43,119,23.9
2022-02-18,5.52,172,24.0
2022-02-19,3.44,283,23.0
2022-02-20,6.5,49,22.4
2022-02-21,5.2,76,22.6
2022-02-22,6.5,92,23.8
2022-02-23,5.4,96,23.8
2022-02-24,5.1,102,23.9
2022-02-25,5.0,97,23.8
2022-02-26,4.84,83,24.1
2022-02-27,4.2,128,24.3
2022-02-28,6.14,218,23.0
2022-03-01,5.33,351,21.8
2022-03-02,4.3,37,21.7
2022-03-03,4.85,63,22.4
2022-03-04,7.72,61,23.7
2022-03-05,9.3,87,24.6
2022-03-06,8.53,98,25.0
2022-03-07,8.32,121,24.9
2022-03-08,6.53,150,24.9
2022-03-09,7.28,166,25.6
2022-03-10,7.0,174,25.5
2022-03-11,7.06,174,25.6
2022-03-12,10.98,226,25.2
2022-03-13,8.9,27,18.7
2022-03-14,7.6,67,22.1
2022-03-15,7.29,89,23.4
2022-03-16,6.51,186,23.6
2022-03-17,3.31,202,22.7
2022-03-18,5.28,132,24.6
2022-03-19,5.7,149,25.3
2022-03-20,4.61,48,23.6
2022-03-21,7.43,58,23.2
2022-03-22,7.17,110,24.2
2022-03-23,7.81,149,25.8
2022-03-24,9.01,175,26.2
2022-03-25,6.32,314,22.5
2022-03-26,5.19,329,20.6
2022-03-27,6.2,349,21.2
2022-03-28,5.47,149,22.2
2022-03-29,4.05,89,22.8
2022-03-30,8.57,127,25.3
2022-03-31,9.85,156,26.0
2022-04-01,6.8,175,25.8
2022-04-02,6.1,177,25.2
2022-04-03,4.63,30,23.7
2022-04-04,4.22,93,24.0
2022-04-05,7.88,159,25.5
2022-04-06,7.41,170,26.8
2022-04-07,8.23,194,27.4
2022-04-08,5.59,291,24.5
2022-04-09,8.16,296,21.6
2022-04-10,5.77,22,19.5
2022-04-11,6.29,97,22.9
2022-04-12,7.11,104,24.5
2022-04-13,7.5,113,25.2
2022-04-14,6.24,137,25.7
2022-04-15,5.63,113,23.8
2022-04-16,7.37,121,24.5
2022-04-17,6.9,104,24.7
2022-04-18,4.47,127,24.8
2022-04-19,7.52,27,23.8
2022-04-20,7.84,61,24.1
2022-04-21,8.6,60,24.0
2022-04-22,9.04,60,24.3
2022-04-23,8.32,73,24.3
2022-04-24,6.6,90,25.3
2022-04-25,6.61,96,24.8
2022-04-26,4.9,93,24.9
2022-04-27,4.94,155,24.8
2022-04-28,4.56,148,24.4
2022-04-29,4.83,61,22.9
2022-04-30,4.16,101,22.6
2022-05-01,5.0,93,24.2
2022-05-02,5.59,111,25.7
2022-05-03,5.51,107,25.6
2022-05-04,4.53,137,24.0
2022-05-05,4.23,176,25.0
2022-05-06,5.31,189,26.7
2022-05-07,6.41,228,26.0
2022-05-08,5.52,216,25.6
2022-05-09,7.78,50,25.5
2022-05-10,9.07,26,24.8
2022-05-11,8.61,8,23.6
2022-05-12,4.95,8,22.2
2022-05-13,4.16,139,23.5
2022-05-14,4.1,134,24.7
2022-05-15,5.88,171,25.1
2022-05-16,5.45,205,24.7
2022-05-17,3.35,184,25.1
2022-05-18,4.56,157,26.8
2022-05-19,5.9,174,27.4
2022-05-20,7.6,160,25.6
2022-05-21,7.01,125,27.9
2022-05-22,6.49,119,28.3
2022-05-23,5.89,114,27.5
2022-05-24,6.71,115,27.8
2022-05-25,6.95,115,28.2
2022-05-26,6.0,118,27.7
2022-05-27,6.36,159,27.6
2022-05-28,6.15,177,27.2
2022-05-29,5.41,207,24.6
2022-05-30,5.72,103,24.5
2022-05-31,4.02,40,24.5
2022-06-01,4.05,26,24.8
2022-06-02,4.49,120,24.9
2022-06-03,7.9,149,24.5
2022-06-04,10.36,198,25.3
2022-06-05,3.8,248,25.5
2022-06-06,5.4,196,26.0
2022-06-07,5.58,220,24.9
2022-06-08,4.17,228,25.2
2022-06-09,4.98,246,25.0
2022-06-10,4.91,216,25.5
2022-06-11,4.72,208,25.7
2022-06-12,4.63,191,27.0
2022-06-13,3.07,150,27.8
2022-06-14,3.71,113,26.6
2022-06-15,4.52,107,27.4
2022-06-16,3.9,98,27.9
2022-06-17,4.85,47,26.7
2022-06-18,5.02,170,27.1
2022-06-19,4.82,186,27.2
2022-06-20,5.12,15,26.7
2022-06-21,7.43,44,26.7
2022-06-22,5.66,60,26.7
2022-06-23,4.97,150,26.7
2022-06-24,5.75,212,28.4
2022-06-25,4.14,263,26.8
2022-06-26,3.7,216,27.6
2022-06-27,5.0,137,27.3
2022-06-28,4.13,127,28.2
2022-06-29,5.13,162,28.0
2022-06-30,4.17,117,27.9
2022-07-01,5.61,114,29.2
2022-07-02,5.19,132,28.9
2022-07-03,4.96,117,29.2
2022-07-04,5.26,95,29.2
2022-07-05,5.32,117,27.9
2022-07-06,3.98,148,27.6
2022-07-07,4.83,118,28.1
2022-07-08,5.5,129,27.9
2022-07-09,6.59,176,28.2
2022-07-10,5.36,191,28.7
2022-07-11,5.4,194,29.3
2022-07-12,5.2,163,29.1
2022-07-13,4.66,154,29.0
2022-07-14,4.53,132,27.0
2022-07-15,5.85,90,26.3
2022-07-16,6.42,125,25.6
2022-07-17,6.55,158,27.4
2022-07-18,5.68,156,29.1
2022-07-19,4.68,130,28.6
2022-07-20,4.16,114,28.9
2022-07-21,5.05,127,29.0
2022-07-22,5.28,122,27.3
2022-07-23,4.95,96,27.6
2022-07-24,5.71,93,29.0
2022-07-25,6.01,100,28.9
2022-07-26,6.91,114,26.4
2022-07-27,5.41,125,28.0
2022-07-28,5.7,91,28.8
2022-07-29,5.87,98,28.0
2022-07-30,6.68,105,28.9
2022-07-31,6.24,101,29.5
2022-08-01,5.07,107,29.0
2022-08-02,3.77,107,29.1
2022-08-03,3.96,110,28.8
2022-08-04,4.61,114,28.4
2022-08-05,5.32,104,27.6
2022-08-06,6.23,91,28.9
2022-08-07,6.51,85,26.7
2022-08-08,5.46,95,27.6
2022-08-09,5.92,112,28.2
2022-08-10,5.85,110,29.4
2022-08-11,4.34,99,29.2
2022-08-12,4.53,114,28.7
2022-08-13,3.44,136,28.0
2022-08-14,3.28,270,26.9
2022-08-15,4.46,229,26.8
2022-08-16,4.33,226,27.3
2022-08-17,3.61,249,28.2
2022-08-18,4.95,212,28.8
2022-08-19,4.25,141,29.2
2022-08-20,4.68,91,28.4
2022-08-21,6.0,91,29.7
2022-08-22,5.46,109,29.6
2022-08-23,3.47,109,28.3
2022-08-24,3.34,111,28.5
2022-08-25,5.22,152,28.9
2022-08-26,3.75,124,28.9
2022-08-27,4.02,96,27.2
2022-08-28,3.91,120,26.1
2022-08-29,6.86,153,27.0
2022-08-30,4.61,158,28.6
2022-08-31,3.57,158,27.1
2022-09-01,4.28,206,27.6
2022-09-02,3.86,68,28.1
2022-09-03,5.08,70,28.4
2022-09-04,4.61,81,29.7
2022-09-05,3.7,105,29.5
2022-09-06,3.81,92,28.2
2022-09-07,3.35,217,27.3
2022-09-08,4.61,236,26.9
2022-09-09,5.91,199,27.3
2022-09-10,5.89,170,28.1
2022-09-11,4.27,114,27.8
2022-09-12,5.07,55,27.4
2022-09-13,4.52,351,26.6
2022-09-14,3.52,131,26.2
2022-09-15,4.3,102,26.9
2022-09-16,5.2,53,26.1
2022-09-17,4.3,56,25.9
2022-09-18,3.32,66,26.0
2022-09-19,2.41,133,26.1
2022-09-20,3.47,58,27.8
2022-09-21,4.24,2,26.6
2022-09-22,2.86,332,26.2
2022-09-23,4.12,22,27.6
2022-09-24,3.86,18,26.7
2022-09-25,3.58,71,27.1
2022-09-26,5.0,105,26.6
2022-09-27,10.4,103,25.9
2022-09-28,14.88,175,27.1
2022-09-29,10.36,243,26.6
2022-09-30,5.56,347,23.4
2022-10-01,3.55,5,24.4
2022-10-02,4.74,342,24.7
2022-10-03,3.59,328,25.1
2022-10-04,4.36,5,24.7
2022-10-05,4.33,16,24.7
2022-10-06,4.08,43,25.2
2022-10-07,5.62,34,25.4
2022-10-08,6.71,39,25.3
2022-10-09,4.92,67,25.7
2022-10-10,3.96,70,26.6
2022-10-11,4.66,87,27.7
2022-10-12,4.1,92,26.6
2022-10-13,4.78,198,25.2
2022-10-14,3.84,19,24.6
2022-10-15,6.23,21,24.4
2022-10-16,4.95,73,26.3
2022-10-17,4.6,170,25.8
2022-10-18,4.03,250,25.6
2022-10-19,5.24,321,20.1
2022-10-20,4.79,312,21.0
2022-10-21,6.96,351,22.0
2022-10-22,6.58,5,23.2
2022-10-23,5.59,15,23.4
2022-10-24,5.82,33,24.2
2022-10-25,5.17,34,24.7
2022-10-26,3.11,344,23.5
2022-10-27,3.67,31,24.3
2022-10-28,6.28,54,25.7
2022-10-29,6.69,54,26.0
2022-10-30,4.88,58,26.2
2022-10-31,3.67,93,26.2
2022-11-01,4.22,101,27.1
2022-11-02,3.96,86,26.9
2022-11-03,4.74,52,26.3
2022-11-04,8.04,20,24.9
2022-11-05,5.51,78,26.1
2022-11-06,6.48,77,26.1
2022-11-07,8.82,38,26.2
2022-11-08,10.0,10,24.9
2022-11-09,10.28,342,22.8
2022-11-10,8.92,223,24.3
2022-11-11,5.59,203,25.2
2022-11-12,3.18,216,24.3
2022-11-13,2.9,2,24.3
2022-11-14,3.32,46,24.3
2022-11-15,3.89,120,25.5
2022-11-16,2.52,172,24.3
2022-11-17,5.99,351,22.8
2022-11-18,7.18,16,22.4
2022-11-19,7.43,49,24.5
2022-11-20,7.99,46,23.3
2022-11-21,7.38,61,24.1
2022-11-22,3.66,62,24.3
2022-11-23,2.97,22,24.1
2022-11-24,3.49,80,25.1
2022-11-25,3.54,161,25.9
2022-11-26,3.58,121,25.0
2022-11-27,4.77,178,26.1
2022-11-28,4.52,11,24.6
2022-11-29,5.56,64,24.8
2022-11-30,5.22,103,25.2
2022-12-01,8.42,34,23.7
2022-12-02,7.65,61,24.4
2022-12-03,7.14,71,24.6
2022-12-04,5.53,41,23.9
2022-12-05,5.63,7,22.9
2022-12-06,4.86,44,24.2
2022-12-07,5.37,53,24.2
2022-12-08,4.88,54,24.3
2022-12-09,3.75,5,23.0
2022-12-10,4.12,12,23.0
2022-12-11,3.28,352,22.1
2022-12-12,4.26,342,21.6
2022-12-13,4.16,28,22.0
2022-12-14,5.77,148,24.4
2022-12-15,8.45,178,25.4
2022-12-16,4.2,266,22.9
2022-12-17,4.11,10,21.8
2022-12-18,6.68,350,21.6
2022-12-19,6.18,32,21.2
2022-12-20,6.41,66,22.9
2022-12-21,8.03,106,23.2
2022-12-22,4.55,181,23.8
2022-12-23,5.9,258,23.0
2022-12-24,6.66,333,11.2
2022-12-25,6.4,331,8.0
2022-12-26,5.37,337,12.1
2022-12-27,5.8,347,17.2
2022-12-28,6.1,45,20.5
2022-12-29,6.98,65,23.0
2022-12-30,5.52,105,24.0
2022-12-31,4.84,156,24.6
