SDE_Name,Category,Code,Appearances,Events_Count,GLOBAL_REACH,GENDER_PARITY,YOUTH_APPEAL,INFRA_COST,BROADCAST_VAL,Norm_Score,Final_Rank
Skateboarding,recent_add,SKB,3,4.0,116,50,9,3,6,0.6878669690072908,1
Breaking,recent_add,BKG,1,2.0,96,50,9,2,5,0.6560283687428538,2
Athletics,legacy_core,ATH,32,48.0,214,50,6,8,9,0.6350000000735099,3
Swimming,legacy_core,SWM,32,35.0,209,50,6,8,8,0.6278923835702823,4
Surfing,recent_add,SRF,3,2.0,103,50,8,4,6,0.5997494851748387,5
Karate,marginal_exit,KTE,1,8.0,198,50,6,3,4,0.567473018921829,6
Flag football,candidate_2032,AFB,1,2.0,73,48,8,5,7,0.5183333332472974,7
Squash,candidate_2032,SQU,1,2.0,122,50,5,4,3,0.3825531914747973,8
Cricket,candidate_2032,CKT,2,2.0,108,42,5,7,8,0.2645733242123145,9
