Universe,Scenario,Criterion,Shock,SDE_Name,Code,Role,Score,Rank,Place,Baseline_Rank,Delta_Rank
brisbane_candidates,baseline,none,0,Flag football,AFB,emerging_youth,0.5360000001069045,1,1st,1,0
brisbane_candidates,baseline,none,0,Cricket,CKT,traditional_host,0.48419999994346224,2,2nd,2,0
brisbane_candidates,baseline,none,0,Squash,SQU,established_niche,0.3960000003719304,3,3rd,3,0
brisbane_candidates,Popularity_Accessibility_plus20,Popularity_Accessibility,plus20,Flag football,AFB,emerging_youth,0.5229007634755612,1,1st,1,0
brisbane_candidates,Popularity_Accessibility_plus20,Popularity_Accessibility,plus20,Cricket,CKT,traditional_host,0.5078244274290878,2,2nd,2,0
brisbane_candidates,Popularity_Accessibility_plus20,Popularity_Accessibility,plus20,Squash,SQU,established_niche,0.37786259577309445,3,3rd,3,0
brisbane_candidates,Popularity_Accessibility_minus20,Popularity_Accessibility,minus20,Flag football,AFB,emerging_youth,0.5504201681633892,1,1st,1,0
brisbane_candidates,Popularity_Accessibility_minus20,Popularity_Accessibility,minus20,Cricket,CKT,traditional_host,0.4581932772489637,2,2nd,2,0
brisbane_candidates,Popularity_Accessibility_minus20,Popularity_Accessibility,minus20,Squash,SQU,established_niche,0.41596638694730254,3,3rd,3,0
brisbane_candidates,Programme_Footprint_plus20,Programme_Footprint,plus20,Flag football,AFB,emerging_youth,0.527559055245288,1,1st,1,0
brisbane_candidates,Programme_Footprint_plus20,Programme_Footprint,plus20,Cricket,CKT,traditional_host,0.4765748031137938,2,2nd,2,0
brisbane_candidates,Programme_Footprint_plus20,Programme_Footprint,plus20,Squash,SQU,established_niche,0.3897637799098542,3,3rd,3,0
brisbane_candidates,Programme_Footprint_minus20,Programme_Footprint,minus20,Flag football,AFB,emerging_youth,0.5447154472397061,1,1st,1,0
brisbane_candidates,Programme_Footprint_minus20,Programme_Footprint,minus20,Cricket,CKT,traditional_host,0.4920731706531042,2,2nd,2,0
brisbane_candidates,Programme_Footprint_minus20,Programme_Footprint,minus20,Squash,SQU,established_niche,0.40243902475092785,3,3rd,3,0
brisbane_candidates,Inclusivity_plus20,Inclusivity,plus20,Flag football,AFB,emerging_youth,0.5173745174660069,1,1st,1,0
brisbane_candidates,Inclusivity_plus20,Inclusivity,plus20,Cricket,CKT,traditional_host,0.4826640926085544,2,2nd,2,0
brisbane_candidates,Inclusivity_plus20,Inclusivity,plus20,Squash,SQU,established_niche,0.41698841736060716,3,3rd,3,0
brisbane_candidates,Inclusivity_minus20,Inclusivity,minus20,Flag football,AFB,emerging_youth,0.5560165976347834,1,1st,1,0
brisbane_candidates,Inclusivity_minus20,Inclusivity,minus20,Cricket,CKT,traditional_host,0.48585062234910437,2,2nd,2,0
brisbane_candidates,Inclusivity_minus20,Inclusivity,minus20,Squash,SQU,established_niche,0.3734439837730826,3,3rd,3,0
brisbane_candidates,Gender_Equity_plus20,Gender_Equity,plus20,Flag football,AFB,emerging_youth,0.5503875970008166,1,1st,1,0
brisbane_candidates,Gender_Equity_plus20,Gender_Equity,plus20,Cricket,CKT,traditional_host,0.46918604645892154,2,2nd,2,0
brisbane_candidates,Gender_Equity_plus20,Gender_Equity,plus20,Squash,SQU,established_niche,0.40232558175486716,3,3rd,3,0
brisbane_candidates,Gender_Equity_minus20,Gender_Equity,minus20,Flag football,AFB,emerging_youth,0.5206611571375023,1,1st,1,0
brisbane_candidates,Gender_Equity_minus20,Gender_Equity,minus20,Cricket,CKT,traditional_host,0.5002066115094789,2,2nd,2,0
brisbane_candidates,Gender_Equity_minus20,Gender_Equity,minus20,Squash,SQU,established_niche,0.38925619873233225,3,3rd,3,0
brisbane_candidates,Relevance_Innovation_plus20,Relevance_Innovation,plus20,Flag football,AFB,emerging_youth,0.5555555556430943,1,1st,1,0
brisbane_candidates,Relevance_Innovation_plus20,Relevance_Innovation,plus20,Cricket,CKT,traditional_host,0.49540229878790343,2,2nd,2,0
brisbane_candidates,Relevance_Innovation_plus20,Relevance_Innovation,plus20,Squash,SQU,established_niche,0.37931034519650586,3,3rd,3,0
brisbane_candidates,Relevance_Innovation_minus20,Relevance_Innovation,minus20,Flag football,AFB,emerging_youth,0.5146443515939797,1,1st,1,0
brisbane_candidates,Relevance_Innovation_minus20,Relevance_Innovation,minus20,Cricket,CKT,traditional_host,0.4719665271476675,2,2nd,2,0
brisbane_candidates,Relevance_Innovation_minus20,Relevance_Innovation,minus20,Squash,SQU,established_niche,0.4142259417965394,3,3rd,3,0
brisbane_candidates,Sustainability_plus20,Sustainability,plus20,Flag football,AFB,emerging_youth,0.5421875001179152,1,1st,1,0
brisbane_candidates,Sustainability_plus20,Sustainability,plus20,Cricket,CKT,traditional_host,0.4728515624199837,2,2nd,2,0
brisbane_candidates,Sustainability_plus20,Sustainability,plus20,Squash,SQU,established_niche,0.4101562503941444,3,3rd,3,0
brisbane_candidates,Sustainability_minus20,Sustainability,minus20,Flag football,AFB,emerging_youth,0.5295081968159661,1,1st,1,0
brisbane_candidates,Sustainability_minus20,Sustainability,minus20,Cricket,CKT,traditional_host,0.49610655734642445,2,2nd,2,0
brisbane_candidates,Sustainability_minus20,Sustainability,minus20,Squash,SQU,established_niche,0.381147541330634,3,3rd,3,0
brisbane_candidates,youth_weight_zero,Relevance_Innovation,set_zero,Squash,SQU,established_niche,0.5076923080557012,1,1st,3,2
brisbane_candidates,youth_weight_zero,Relevance_Innovation,set_zero,Cricket,CKT,traditional_host,0.4092307692345332,2,2nd,2,0
brisbane_candidates,youth_weight_zero,Relevance_Innovation,set_zero,Flag football,AFB,emerging_youth,0.4051282053983233,3,3rd,1,-2
sde_matrix,baseline,none,0,Skateboarding,SKB,other,0.6669759680453202,1,1st,1,0
sde_matrix,baseline,none,0,Breaking,BKG,other,0.63264878997435,2,2nd,2,0
sde_matrix,baseline,none,0,Flag football,AFB,emerging_youth,0.6024242423787484,3,3rd,3,0
sde_matrix,baseline,none,0,Athletics,ATH,other,0.5672727273708494,4,4,4,0
sde_matrix,baseline,none,0,Surfing,SRF,other,0.5602863632006642,5,5,5,0
sde_matrix,baseline,none,0,Swimming,SWM,other,0.5579520573227098,6,6,6,0
sde_matrix,baseline,none,0,Karate,KTE,other,0.4888457930515816,7,7,7,0
sde_matrix,baseline,none,0,Cricket,CKT,traditional_host,0.4626262860825123,8,8,8,0
sde_matrix,baseline,none,0,Squash,SQU,established_niche,0.4606980598426409,9,9,9,0
sde_matrix,youth_weight_zero,Relevance_Innovation,set_zero,Athletics,ATH,other,0.7272727272360209,1,1st,4,3
sde_matrix,youth_weight_zero,Relevance_Innovation,set_zero,Swimming,SWM,other,0.7153231502538965,2,2nd,6,4
sde_matrix,youth_weight_zero,Relevance_Innovation,set_zero,Karate,KTE,other,0.6267253755671184,3,3rd,7,4
sde_matrix,youth_weight_zero,Relevance_Innovation,set_zero,Skateboarding,SKB,other,0.5730461129741098,4,4,1,-3
sde_matrix,youth_weight_zero,Relevance_Innovation,set_zero,Squash,SQU,established_niche,0.5436299911670348,5,5,9,4
sde_matrix,youth_weight_zero,Relevance_Innovation,set_zero,Flag football,AFB,emerging_youth,0.5372960373039375,6,6,3,-3
sde_matrix,youth_weight_zero,Relevance_Innovation,set_zero,Surfing,SRF,other,0.5302816622536107,7,7,5,-2
sde_matrix,youth_weight_zero,Relevance_Innovation,set_zero,Breaking,BKG,other,0.5290369103288531,8,8,2,-6
sde_matrix,youth_weight_zero,Relevance_Innovation,set_zero,Cricket,CKT,traditional_host,0.40507643520703324,9,9,8,-1
