date,soil_moisture
2022-01-01,0.056
2022-01-02,0.055
2022-01-03,0.057
2022-01-04,0.056
2022-01-05,0.059
2022-01-06,0.056
2022-01-07,0.07
2022-01-08,0.074
2022-01-09,0.126
2022-01-10,0.204
2022-01-11,0.233
2022-01-12,0.236
2022-01-13,0.194
2022-01-14,0.155
2022-01-15,0.123
2022-01-16,0.123
2022-01-17,0.136
2022-01-18,0.112
2022-01-19,0.092
2022-01-20,0.085
2022-01-21,0.23
2022-01-22,0.229
2022-01-23,0.229
2022-01-24,0.177
2022-01-25,0.146
2022-01-26,0.17
2022-01-27,0.169
2022-01-28,0.133
2022-01-29,0.112
2022-01-30,0.084
2022-01-31,0.066
2022-02-01,0.053
2022-02-02,0.046
2022-02-03,0.044
2022-02-04,0.045
2022-02-05,0.049
2022-02-06,0.049
2022-02-07,0.046
2022-02-08,0.055
2022-02-09,0.159
2022-02-10,0.179
2022-02-11,0.156
2022-02-12,0.156
2022-02-13,0.214
2022-02-14,0.161
2022-02-15,0.127
2022-02-16,0.11
2022-02-17,0.131
2022-02-18,0.114
2022-02-19,0.132
2022-02-20,0.162
2022-02-21,0.124
2022-02-22,0.104
2022-02-23,0.09
2022-02-24,0.069
2022-02-25,0.062
2022-02-26,0.048
2022-02-27,0.047
2022-02-28,0.086
2022-03-01,0.073
2022-03-02,0.09
2022-03-03,0.087
2022-03-04,0.065
2022-03-05,0.052
2022-03-06,0.049
2022-03-07,0.058
2022-03-08,0.068
2022-03-09,0.052
2022-03-10,0.05
2022-03-11,0.053
2022-03-12,0.054
2022-03-13,0.07
2022-03-14,0.054
2022-03-15,0.101
2022-03-16,0.139
2022-03-17,0.175
2022-03-18,0.157
2022-03-19,0.123
2022-03-20,0.112
2022-03-21,0.117
2022-03-22,0.084
2022-03-23,0.073
2022-03-24,0.073
2022-03-25,0.107
2022-03-26,0.058
2022-03-27,0.042
2022-03-28,0.035
2022-03-29,0.034
2022-03-30,0.036
2022-03-31,0.047
2022-04-01,0.061
2022-04-02,0.076
2022-04-03,0.082
2022-04-04,0.072
2022-04-05,0.124
2022-04-06,0.092
2022-04-07,0.085
2022-04-08,0.088
2022-04-09,0.059
2022-04-10,0.044
2022-04-11,0.038
2022-04-12,0.038
2022-04-13,0.039
2022-04-14,0.049
2022-04-15,0.116
2022-04-16,0.206
2022-04-17,0.157
2022-04-18,0.13
2022-04-19,0.143
2022-04-20,0.11
2022-04-21,0.078
2022-04-22,0.089
2022-04-23,0.085
2022-04-24,0.064
2022-04-25,0.071
2022-04-26,0.057
2022-04-27,0.048
2022-04-28,0.071
2022-04-29,0.16
2022-04-30,0.232
2022-05-01,0.117
2022-05-02,0.075
2022-05-03,0.07
2022-05-04,0.09
2022-05-05,0.121
2022-05-06,0.067
2022-05-07,0.083
2022-05-08,0.104
2022-05-09,0.068
2022-05-10,0.057
2022-05-11,0.056
2022-05-12,0.103
2022-05-13,0.123
2022-05-14,0.095
2022-05-15,0.088
2022-05-16,0.117
2022-05-17,0.092
2022-05-18,0.054
2022-05-19,0.043
2022-05-20,0.081
2022-05-21,0.113
2022-05-22,0.058
2022-05-23,0.05
2022-05-24,0.051
2022-05-25,0.041
2022-05-26,0.041
2022-05-27,0.042
2022-05-28,0.054
2022-05-29,0.148
2022-05-30,0.23
2022-05-31,0.209
2022-06-01,0.187
2022-06-02,0.234
2022-06-03,0.315
2022-06-04,0.365
2022-06-05,0.28
2022-06-06,0.27
2022-06-07,0.318
2022-06-08,0.309
2022-06-09,0.318
2022-06-10,0.305
2022-06-11,0.301
2022-06-12,0.246
2022-06-13,0.217
2022-06-14,0.199
2022-06-15,0.171
2022-06-16,0.133
2022-06-17,0.113
2022-06-18,0.127
2022-06-19,0.23
2022-06-20,0.223
2022-06-21,0.196
2022-06-22,0.129
2022-06-23,0.09
2022-06-24,0.063
2022-06-25,0.097
2022-06-26,0.079
2022-06-27,0.068
2022-06-28,0.054
2022-06-29,0.049
2022-06-30,0.049
2022-07-01,0.045
2022-07-02,0.049
2022-07-03,0.054
2022-07-04,0.047
2022-07-05,0.081
2022-07-06,0.196
2022-07-07,0.124
2022-07-08,0.086
2022-07-09,0.074
2022-07-10,0.071
2022-07-11,0.059
2022-07-12,0.067
2022-07-13,0.051
2022-07-14,0.155
2022-07-15,0.176
2022-07-16,0.241
2022-07-17,0.253
2022-07-18,0.2
2022-07-19,0.147
2022-07-20,0.102
2022-07-21,0.072
2022-07-22,0.095
2022-07-23,0.141
2022-07-24,0.077
2022-07-25,0.058
2022-07-26,0.153
2022-07-27,0.18
2022-07-28,0.137
2022-07-29,0.101
2022-07-30,0.067
2022-07-31,0.053
2022-08-01,0.051
2022-08-02,0.049
2022-08-03,0.046
2022-08-04,0.044
2022-08-05,0.113
2022-08-06,0.073
2022-08-07,0.093
2022-08-08,0.102
2022-08-09,0.073
2022-08-10,0.084
2022-08-11,0.075
2022-08-12,0.057
2022-08-13,0.043
2022-08-14,0.048
2022-08-15,0.051
2022-08-16,0.063
2022-08-17,0.059
2022-08-18,0.055
2022-08-19,0.065
2022-08-20,0.079
2022-08-21,0.052
2022-08-22,0.049
2022-08-23,0.063
2022-08-24,0.053
2022-08-25,0.073
2022-08-26,0.045
2022-08-27,0.101
2022-08-28,0.178
2022-08-29,0.153
2022-08-30,0.118
2022-08-31,0.099
2022-09-01,0.081
2022-09-02,0.06
2022-09-03,0.052
2022-09-04,0.045
2022-09-05,0.049
2022-09-06,0.065
2022-09-07,0.074
2022-09-08,0.102
2022-09-09,0.121
2022-09-10,0.155
2022-09-11,0.137
2022-09-12,0.095
2022-09-13,0.13
2022-09-14,0.222
2022-09-15,0.217
2022-09-16,0.256
2022-09-17,0.265
2022-09-18,0.26
2022-09-19,0.201
2022-09-20,0.143
2022-09-21,0.139
2022-09-22,0.149
2022-09-23,0.113
2022-09-24,0.115
2022-09-25,0.179
2022-09-26,0.185
2022-09-27,0.359
2022-09-28,0.347
2022-09-29,0.27
2022-09-30,0.232
2022-10-01,0.219
2022-10-02,0.256
2022-10-03,0.202
2022-10-04,0.17
2022-10-05,0.15
2022-10-06,0.128
2022-10-07,0.105
2022-10-08,0.107
2022-10-09,0.196
2022-10-10,0.19
2022-10-11,0.154
2022-10-12,0.138
2022-10-13,0.175
2022-10-14,0.242
2022-10-15,0.264
2022-10-16,0.228
2022-10-17,0.203
2022-10-18,0.216
2022-10-19,0.25
2022-10-20,0.264
2022-10-21,0.236
2022-10-22,0.208
2022-10-23,0.178
2022-10-24,0.16
2022-10-25,0.131
2022-10-26,0.101
2022-10-27,0.082
2022-10-28,0.064
2022-10-29,0.062
2022-10-30,0.073
2022-10-31,0.078
2022-11-01,0.07
2022-11-02,0.068
2022-11-03,0.07
2022-11-04,0.059
2022-11-05,0.057
2022-11-06,0.077
2022-11-07,0.082
2022-11-08,0.087
2022-11-09,0.284
2022-11-10,0.266
2022-11-11,0.23
2022-11-12,0.211
2022-11-13,0.19
2022-11-14,0.165
2022-11-15,0.143
2022-11-16,0.129
2022-11-17,0.123
2022-11-18,0.114
2022-11-19,0.098
2022-11-20,0.217
2022-11-21,0.248
2022-11-22,0.268
2022-11-23,0.227
2022-11-24,0.207
2022-11-25,0.196
2022-11-26,0.177
2022-11-27,0.167
2022-11-28,0.153
2022-11-29,0.138
2022-11-30,0.128
2022-12-01,0.145
2022-12-02,0.126
2022-12-03,0.094
2022-12-04,0.072
2022-12-05,0.061
2022-12-06,0.059
2022-12-07,0.055
2022-12-08,0.058
2022-12-09,0.056
2022-12-10,0.064
2022-12-11,0.043
2022-12-12,0.041
2022-12-13,0.04
2022-12-14,0.043
2022-12-15,0.05
2022-12-16,0.09
2022-12-17,0.201
2022-12-18,0.258
2022-12-19,0.138
2022-12-20,0.127
2022-12-21,0.251
2022-12-22,0.212
2022-12-23,0.203
2022-12-24,0.164
2022-12-25,0.183
2022-12-26,0.214
2022-12-27,0.285
2022-12-28,0.245
2022-12-29,0.214
2022-12-30,0.197
2022-12-31,0.18
