Code,Sport,Discipline,GoverningBody,Appearances,Events_Count,Events_Year,Cohort,historical_status,GLOBAL_REACH,GENDER_PARITY,YOUTH_APPEAL,INFRA_COST,BROADCAST_VAL,HOST_POPULARITY
ATH,Athletics,Athletics,World Athletics,32,48.0,2028,backtest,core_or_recent_add,214.0,50.0,6.0,8.0,9.0,
SWM,Aquatics,Swimming,World Aquatics,32,35.0,2028,backtest,core_or_recent_add,209.0,50.0,6.0,8.0,8.0,
SKB,Skateboarding,Skateboarding,World Skate[s 5],3,4.0,2028,backtest,core_or_recent_add,116.0,50.0,9.0,3.0,6.0,
SRF,Surfing,Surfing,ISA,3,2.0,2028,backtest,core_or_recent_add,103.0,50.0,8.0,4.0,6.0,
BKG,Breaking,Breaking,WDSF,1,2.0,2024,backtest,dropped_or_one_games,96.0,50.0,9.0,2.0,5.0,
KTE,Karate,Karate,WKF,1,8.0,2020,backtest,dropped_or_one_games,198.0,50.0,6.0,3.0,4.0,
CKT,Cricket,Cricket,ICC,2,2.0,2028,candidate_2032,candidate_2032,108.0,45.0,8.0,5.5,9.5,9.8
SQU,Squash,Squash,WSF,1,2.0,2028,candidate_2032,candidate_2032,150.0,48.0,6.5,3.0,6.0,7.5
AFB,Flag football,Flag football,IFAF,1,2.0,2028,candidate_2032,candidate_2032,75.0,50.0,8.5,3.5,7.5,6.5
