interval_weeks,eta,n_mows,cover_frac,n_plants,cost,on_front
0,0.0,0,0.4511,441374.6642488357,0.0,True
26,0.4,2,0.4387,409625.3331098776,2.4,True
26,0.7,2,0.427,384513.70276836975,2.7,True
26,1.0,2,0.4123,357499.8672731003,3.0,True
13,0.4,4,0.4316,377554.2052032595,4.8,False
13,0.7,4,0.4121,328729.85852421535,5.4,True
13,1.0,4,0.3834,273040.89219135104,6.0,True
8,0.4,6,0.4158,371169.23755795864,7.199999999999999,False
8,0.7,6,0.3729,297456.04543932265,8.100000000000001,True
8,1.0,6,0.2904,165106.54849511173,9.0,True
6,0.4,8,0.3933,301833.58089169214,9.6,False
6,0.7,8,0.3039,175492.54481605053,10.8,False
6,1.0,8,0.0694,25565.78414444461,12.0,True
4,0.4,13,0.3726,286576.07046562695,15.6,False
4,0.7,13,0.2678,150060.90295255202,17.55,False
4,1.0,13,0.0616,18109.67626306812,19.5,True
2,0.4,26,0.2814,163115.7950289482,31.2,False
2,0.7,26,0.0556,15021.640157865664,35.1,True
2,1.0,26,0.0064,139.499543981179,39.0,True
1,0.4,52,0.0875,29964.981849314525,62.4,False
1,0.7,52,0.023,412.7912111301291,70.2,False
1,1.0,52,0.0064,139.499543981179,78.0,False
