day,r95_m,n_seed_rain_cum
1,0.0,179.99999999999997
2,0.0,179.99999999999997
3,0.0,179.99999999999997
4,0.0,179.99999999999997
5,0.0,179.99999999999997
6,0.0,179.99999999999997
7,0.0,179.99999999999997
8,0.0,179.99999999999997
9,0.0,179.99999999999997
10,0.0,179.99999999999997
11,0.0,179.99999999999997
12,0.0,179.99999999999997
13,0.0,179.99999999999997
14,0.0,179.99999999999997
15,0.0,179.99999999999997
16,0.0,179.99999999999997
17,0.0,179.99999999999997
18,0.0,179.99999999999997
19,0.0,179.99999999999997
20,0.0,179.99999999999997
21,0.0,179.99999999999997
22,0.0,179.99999999999997
23,0.0,179.99999999999997
24,0.0,179.99999999999997
25,0.0,179.99999999999997
26,0.0,179.99999999999997
27,0.0,179.99999999999997
28,0.0,179.99999999999997
29,0.0,179.99999999999997
30,0.0,179.99999999999997
31,0.0,179.99999999999997
32,0.0,179.99999999999997
33,0.0,179.99999999999997
34,0.0,179.99999999999997
35,0.0,179.99999999999997
36,0.0,179.99999999999997
37,0.0,179.99999999999997
38,0.0,179.99999999999997
39,0.0,179.99999999999997
40,0.0,179.99999999999997
41,0.0,179.99999999999997
42,3.930940032527804,179.99999999999997
43,5.42004469329269,179.99999999999997
44,5.42004469329269,179.99999999999997
45,5.42004469329269,179.99999999999997
46,5.42004469329269,179.99999999999997
47,5.42004469329269,179.99999999999997
48,5.454924579450874,179.99999999999997
49,5.454924579450874,179.99999999999997
50,5.48980446560906,179.99999999999997
51,5.48980446560906,179.99999999999997
52,5.156248572301128,179.99999999999997
53,5.024754878398197,179.99999999999997
54,5.024754878398197,179.99999999999997
55,5.024754878398197,179.99999999999997
56,5.024754878398197,179.99999999999997
57,5.024754878398197,179.99999999999997
58,5.024754878398197,179.99999999999997
59,5.024754878398197,179.99999999999997
60,5.024754878398197,179.99999999999997
61,5.024754878398197,179.99999999999997
62,5.024754878398197,179.99999999999997
63,5.024754878398197,179.99999999999997
64,5.024754878398197,179.99999999999997
65,5.969258240356725,179.99999999999997
66,6.252017483325197,179.99999999999997
67,6.23992784382327,179.99999999999997
68,6.252017483325197,179.99999999999997
69,6.252017483325197,179.99999999999997
70,6.252017483325197,179.99999999999997
71,6.252017483325197,179.99999999999997
72,6.252017483325197,179.99999999999997
73,6.252017483325197,179.99999999999997
74,6.215748564819416,179.99999999999997
75,6.191569285815562,179.99999999999997
76,6.191569285815562,179.99999999999997
77,6.191569285815562,179.99999999999997
78,6.493416490252569,179.99999999999997
79,6.425872022286244,179.99999999999997
80,7.007106781186548,179.99999999999997
81,7.007106781186548,179.99999999999997
82,7.007106781186548,179.99999999999997
83,7.007106781186548,179.99999999999997
84,7.007106781186548,179.99999999999997
85,7.007106781186548,179.99999999999997
86,7.007106781186548,179.99999999999997
87,6.425872022286244,179.99999999999997
88,6.425872022286244,179.99999999999997
89,6.425872022286244,179.99999999999997
90,7.007106781186548,179.99999999999997
91,7.007106781186548,371.1072794102952
92,7.007106781186548,561.8323443020639
93,7.007106781186548,752.1759590637818
94,7.007106781186548,942.1388865962431
95,6.425872022286244,1131.721887952046
96,6.425872022286244,1320.925715195231
97,6.425872022286244,1509.751125215556
98,6.425872022286244,1698.1989023620874
99,6.425872022286244,1886.269783954218
100,6.425872022286244,2073.9645237666723
101,6.459644256269405,2261.283874109435
102,11.045361017187261,2448.228585757386
103,12.115952867874777,2668.445045079283
104,13.0,2927.266387204336
105,13.038404810405298,3232.0189338547307
106,13.181254081889966,3580.1195750403667
107,13.397721914780638,3976.333805891699
108,13.379035964562537,4381.8765013753
109,13.152946437965905,4791.203074987414
110,13.98567765543682,5199.710995990972
111,14.142135623730951,5621.997418254806
112,15.033296378372908,6074.447421337521
113,15.132745950421556,6572.164398082716
114,15.524174696260024,7104.336600790638
115,16.0312195418814,7671.850926517574
116,16.1245154965971,8267.771418794653
117,16.1245154965971,8909.6226994622
118,16.1245154965971,9571.829664503524
119,16.1245154965971,10242.423501358202
120,16.278820596099706,10930.503984651266
121,16.92386337537061,11646.61409171458
122,16.822290960680157,12397.911428940692
123,16.940763653560055,13185.893225016142
124,17.029386365926403,14009.410997687031
125,17.029386365926403,14873.141732082286
126,17.029386365926403,15780.463445934534
127,17.029386365926403,16720.75371455115
128,17.029386365926403,17659.163864950602
129,17.029386365926403,18595.697313211356
130,17.073314567275048,19530.35769457559
131,17.11724276862369,20958.415643877022
132,17.26267650163207,23058.16437677435
133,17.46424919657298,26027.808304844948
134,17.72004514666935,29900.437233267756
135,18.027756377319946,34706.08095831949
136,18.439088914585774,40439.29182637726
137,21.02379604162864,47176.113561054255
138,22.090722034374522,55101.244514589554
139,22.090722034374522,64441.88808571626
140,22.96946386351834,73763.85096757353
141,23.345235059857504,85179.8472174033
142,23.39015039296473,98913.06800232266
143,24.036428994989116,115283.43371179956
144,24.040590247271915,134379.34747150503
145,24.033308055777017,156109.10454880912
146,24.17333040138642,180523.11005128938
147,25.00799680255744,207932.26681502018
148,25.48624157968291,238836.8632954573
149,26.0,273907.4304770783
150,26.076809620810597,313579.9029310121
151,26.30589287593181,358301.53957286925
152,26.476404589747453,408550.33039818535
153,26.63826108142073,464650.05194200925
154,27.0,526649.5069815366
155,27.032377314499886,594483.6187619299
156,27.073972741361768,667865.1852260693
157,27.156937147107186,747306.401655663
158,27.16615541441225,833414.5690982838
159,27.202941017470888,926902.0200113317
160,27.908753657668285,1028733.4591427197
161,28.0178514522438,1141096.1716407146
162,28.14247208357323,1265162.7985272561
163,28.284271247461902,1402205.6952807812
164,28.45962025977243,1554459.7646034642
165,28.635642126552707,1723902.5249361023
166,28.635642126552707,1909533.4183009993
167,29.017236257093817,2113670.776611079
168,29.832867780352597,2339617.9486611243
169,30.300128251030298,2590084.6066922382
170,31.04029325402545,2868058.073279909
171,31.575306807693888,3176309.5416717427
172,32.7566787083184,3518129.9957163837
173,34.935648553831356,3896866.510755785
174,37.21558813185679,4316872.556713009
175,41.07918054286826,4785802.0998641895
176,42.95171687742987,5309743.545525404
177,43.829214001622255,5893011.161928656
178,44.77722635447622,6539028.579015228
179,45.62948338740697,7255438.8033121405
180,46.11506856397357,8042448.108402231
181,46.91053400694052,8899398.98569424
182,47.193747578688594,8899398.98569424
183,47.50789408087881,8899398.98569424
184,47.89154181875683,8899398.98569424
185,48.16637831516918,8899398.98569424
186,48.231713328188974,8899398.98569424
187,48.40040920739347,8899398.98569424
188,48.60041152089147,8899398.98569424
189,49.022424324994375,8899398.98569424
190,49.51767361255979,8899398.98569424
191,49.66890273261872,8899398.98569424
192,50.0,8899398.98569424
193,50.20956084253277,8899398.98569424
194,50.24937810560445,8899398.98569424
195,50.24937810560445,8899398.98569424
196,50.449479264216656,8899398.98569424
197,50.54008231848401,8899398.98569424
198,50.63986079224483,8899398.98569424
199,50.60632371551998,8899398.98569424
200,50.80354318352215,8899398.98569424
201,50.91168824543142,8899398.98569424
202,50.93132631298737,8899398.98569424
203,50.93132631298737,8899398.98569424
204,50.99019513592785,8899398.98569424
205,50.99019513592785,8899398.98569424
206,51.01176018620982,8899398.98569424
207,51.03920062069938,8899398.98569424
208,51.22499389946279,8899398.98569424
209,51.219130672325754,8899398.98569424
210,51.26888017106639,8899398.98569424
211,51.40038910358559,8899398.98569424
212,51.40038910358559,8899398.98569424
213,51.414976293040375,8899398.98569424
214,51.607161557389695,8899398.98569424
215,51.61395160225576,8899398.98569424
216,51.61395160225576,8899398.98569424
217,51.61395160225576,8899398.98569424
218,51.61734184026267,8899398.98569424
219,51.62363799656123,8899398.98569424
220,51.62363799656123,8899398.98569424
221,51.62363799656123,8899398.98569424
222,51.62363799656123,8899398.98569424
223,51.62363799656123,8899398.98569424
224,51.62363799656123,8899398.98569424
225,51.62944710893073,8899398.98569424
226,51.62751073814088,8899398.98569424
227,51.62363799656123,8899398.98569424
228,51.65849267077827,8899398.98569424
229,51.656556299988424,8899398.98569424
230,51.65461992919862,8899398.98569424
231,51.66236541235796,8899398.98569424
232,51.66236541235796,8899398.98569424
233,51.66236541235796,8899398.98569424
234,51.66236541235796,8899398.98569424
235,51.66236541235796,8899398.98569424
236,51.66236541235796,8899398.98569424
237,51.66236541235796,8899398.98569424
238,51.66236541235796,8899398.98569424
239,51.66236541235796,8899398.98569424
240,51.66236541235796,8899398.98569424
241,51.66236541235796,8899398.98569424
242,51.66236541235796,8899398.98569424
243,51.66236541235796,8899398.98569424
244,55.17245689653489,13467766.124836838
245,56.60388679233962,18054193.44423829
246,57.42821606144492,22657133.735088456
247,58.05170109479997,27276028.63013392
248,58.412327466040935,31910766.435500637
249,58.69412236331676,36560727.16417029
250,58.82176467941097,41227538.602093086
251,59.05717193069401,45910262.28300505
252,59.39696961966999,50607799.00406292
253,59.413803110051795,55318738.20634458
254,59.464274989274024,60043044.92679265
255,59.464274989274024,64780521.616519384
256,59.464274989274024,69508686.57847029
257,59.626746632820385,74227380.90427716
258,59.665735560705194,78974801.58419919
259,59.665735560705194,83734655.98583575
260,59.81638571495272,88506256.18652683
261,59.81638571495272,93288430.45626512
262,59.84394896136703,98081301.3686459
263,59.88069995658616,102884694.15849645
264,59.90826320300064,107698274.67607833
265,59.90826320300064,112520667.32156678
266,59.90826320300064,117353019.89912829
267,59.90826320300064,122193576.95046392
268,59.90826320300064,127040718.50631042
269,59.90826320300064,131896739.02354597
270,59.90826320300064,136762052.79791227
271,59.963305281200284,141656138.63882264
272,60.0,146611246.99563086
273,59.99541316014993,151678269.91406548
274,60.0,156903430.97793055
275,60.0,162377507.85636723
276,60.0,167841346.81773344
277,59.96789212105019,173294353.6343049
278,59.97247896090009,178736359.0951815
279,59.97706580075016,184166962.47093204
280,60.0,189586058.78585836
281,60.0,195996125.73318386
282,60.0,202962785.80740675
283,60.0,210242020.10304835
284,60.0,217914245.17653668
285,60.0,225961787.70624602
286,60.0,234352661.67558458
287,60.0,243114176.86678436
288,60.0,252170586.55501732
289,60.0,261567088.74294394
290,60.0,271209515.44214666
291,60.0,281184935.62266237
292,60.0,291222925.534407
293,60.0,301366311.063712
294,60.0,311675752.9322651
295,60.0,322193714.6514476
296,60.0,333017816.13084334
297,60.0,344156235.03957605
298,60.0,355658281.4560584
299,60.0,367070692.9714975
300,60.0,378969170.2517999
301,60.0,391268686.1530519
302,60.0,403720220.3046646
303,60.0,416269513.74070543
304,60.0,428843115.572625
305,60.0,428843115.572625
306,60.0,428843115.572625
307,60.0,428843115.572625
308,60.0,428843115.572625
309,60.0,428843115.572625
310,60.0,428843115.572625
311,60.0,428843115.572625
312,60.0,428843115.572625
313,60.0,428843115.572625
314,60.0,428843115.572625
315,60.0,428843115.572625
316,60.0,428843115.572625
317,60.0,428843115.572625
318,60.0,428843115.572625
319,60.0,428843115.572625
320,60.0,428843115.572625
321,60.0,428843115.572625
322,60.0,428843115.572625
323,60.0,428843115.572625
324,60.0,428843115.572625
325,60.0,428843115.572625
326,60.0,428843115.572625
327,60.0,428843115.572625
328,60.0,428843115.572625
329,60.0,428843115.572625
330,60.0,428843115.572625
331,60.0,428843115.572625
332,60.0,428843115.572625
333,60.0,428843115.572625
334,60.0,428843115.572625
335,60.0,428843115.572625
336,60.0,428843115.572625
337,60.0,428843115.572625
338,60.0,428843115.572625
339,60.0,428843115.572625
340,60.0,428843115.572625
341,60.0,428843115.572625
342,60.0,428843115.572625
343,60.0,428843115.572625
344,60.0,428843115.572625
345,60.0,428843115.572625
346,60.0,428843115.572625
347,60.0,428843115.572625
348,60.0,428843115.572625
349,60.0,428843115.572625
350,60.0,428843115.572625
351,60.0,428843115.572625
352,60.0,428843115.572625
353,60.0,428843115.572625
354,60.0,428843115.572625
355,60.0,428843115.572625
356,60.0,428843115.572625
357,60.0,428843115.572625
358,60.0,428843115.572625
359,60.0,428843115.572625
360,60.0,428843115.572625
361,60.0,428843115.572625
362,60.0,428843115.572625
363,60.0,428843115.572625
364,60.0,428843115.572625
365,60.0,428843115.572625
