climate,scenario,month,week,n_plants,n_adult,n_rosette,n_seedling,n_seed,cover_frac,front_m,max_canopy,produced_seeds
temperate,drought_smi_x0.5,1,5,0.0,0.0,0.0,0.0,0.0,0.0,0.0,0.0,0.0
temperate,drought_smi_x0.5,2,9,0.0,0.0,0.0,0.0,0.0,0.0,0.0,0.0,0.0
temperate,drought_smi_x0.5,3,13,0.0,0.0,0.0,0.0,0.0,0.0,0.0,0.0,0.0
temperate,drought_smi_x0.5,4,18,63.47472922300179,0.2500288706415935,6.934380876136174,56.290319476224006,710.4318446734329,0.0066,6.5,0.35811064969919226,51.860139329295
temperate,drought_smi_x0.5,5,22,412.0365179986379,13.409176748692733,74.87963254502397,323.74770870492125,4630.797783958786,0.0145,9.5,4.31137937756045,2564.714052013361
temperate,drought_smi_x0.5,6,26,1942.984236470729,72.35030855593433,346.6742386271973,1523.9596892875973,21106.476625075495,0.0214,10.5,14.463277080585339,10914.704423404635
temperate,drought_smi_x0.5,7,31,3764.2674959405035,259.00832189147275,984.1938185745869,2521.065355474444,14470.224017034687,0.0249,11.5,30.71879456867345,0.0
temperate,drought_smi_x0.5,8,35,4158.200310088113,496.2931493836583,1282.561901842243,2379.3452588622113,10584.234465548843,0.0255,11.5,31.10655843478755,0.0
temperate,drought_smi_x0.5,9,39,24117.638380339922,690.6470178217829,2502.1496632640833,20924.84169925405,311210.46321573487,0.0407,14.5,32.68883912911995,137520.05737976564
temperate,drought_smi_x0.5,10,44,79040.66206610936,832.1091142241526,6570.014226179451,71638.53872570574,586975.6912432666,0.1938,99.5,36.351796002131785,157135.24687978206
temperate,drought_smi_x0.5,11,48,86642.31791269625,1110.1015577795429,8714.905766194946,76817.31058872175,443972.9783246802,0.2275,99.5,37.21510254574694,0.0
temperate,drought_smi_x0.5,12,52,59139.00322316251,1023.9223312622407,7715.243414639925,50399.83747726035,377086.9218730217,0.2046,99.5,33.44771477118364,0.0
