week,month,temp_c,wind_mps,smi,soil_moisture,blooming,mow_eta,front_m,n_seed,n_seedling,n_rosette,n_adult,n_plants,cover_frac,max_canopy,produced_seeds,local_seeds,dispersed_seeds,rain_on_grid,source_released,source_on_grid,source_outside,seeds_aborted,phi,kernel_half_m
1.0,1.0,1.0000000000000002,4.0,0.5499999999999999,0.4728571428571428,0.0,0.0,0.0,0.0,0.0,0.0,0.0,0.0,0.0,0.0,0.0,0.0,0.0,0.0,180.0,0.0,22.036798727255587,0.0,0.0,120.0
2.0,1.0,1.0000000000000002,4.0,0.5499999999999999,0.4605714285714286,0.0,0.0,0.0,0.0,0.0,0.0,0.0,0.0,0.0,0.0,0.0,0.0,0.0,0.0,0.0,0.0,0.0,0.0,0.0,120.0
3.0,1.0,1.0000000000000002,4.0,0.5499999999999999,0.4732857142857143,0.0,0.0,0.0,0.0,0.0,0.0,0.0,0.0,0.0,0.0,0.0,0.0,0.0,0.0,0.0,0.0,0.0,0.0,0.0,120.0
4.0,1.0,1.0000000000000002,4.0,0.5499999999999999,0.454,0.0,0.0,0.0,0.0,0.0,0.0,0.0,0.0,0.0,0.0,0.0,0.0,0.0,0.0,0.0,0.0,0.0,0.0,0.0,120.0
5.0,1.0,2.142857142857143,4.114285714285714,0.5499999999999999,0.4627142857142857,0.0,0.0,0.0,0.0,0.0,0.0,0.0,0.0,0.0,0.0,0.0,0.0,0.0,0.0,0.0,0.0,0.0,0.0,0.0,120.0
6.0,2.0,3.0,4.2,0.5499999999999999,0.4714285714285714,0.0,0.0,0.0,0.0,0.0,0.0,0.0,0.0,0.0,0.0,0.0,0.0,0.0,0.0,0.0,0.0,0.0,0.0,0.0,120.0
7.0,2.0,3.0,4.2,0.5499999999999999,0.44371428571428567,0.0,0.0,0.0,0.0,0.0,0.0,0.0,0.0,0.0,0.0,0.0,0.0,0.0,0.0,0.0,0.0,0.0,0.0,0.023072424914601826,120.0
8.0,2.0,3.0,4.2,0.5499999999999999,0.4718571428571429,0.0,0.0,0.0,0.0,0.0,0.0,0.0,0.0,0.0,0.0,0.0,0.0,0.0,0.0,0.0,0.0,0.0,0.0,0.0,120.0
9.0,2.0,5.857142857142857,4.371428571428572,0.5785714285714285,0.464,0.0,0.0,0.0,0.0,0.0,0.0,0.0,0.0,0.0,0.0,0.0,0.0,0.0,0.0,0.0,0.0,0.0,0.0,0.0,120.0
10.0,3.0,8.0,4.5,0.6,0.452,0.0,0.0,0.0,0.0,0.0,0.0,0.0,0.0,0.0,0.0,0.0,0.0,0.0,0.0,0.0,0.0,0.0,0.0,0.0,120.0
11.0,3.0,8.0,4.5,0.6,0.45599999999999996,0.0,0.0,0.0,0.0,0.0,0.0,0.0,0.0,0.0,0.0,0.0,0.0,0.0,0.0,0.0,0.0,0.0,0.0,0.0,120.0
12.0,3.0,8.0,4.5,0.6,0.43314285714285716,0.0,0.0,0.0,0.0,0.0,0.0,0.0,0.0,0.0,0.0,0.0,0.0,0.0,0.0,0.0,0.0,0.0,0.0,0.2105966914396932,120.0
13.0,3.0,8.714285714285714,4.428571428571429,0.6028571428571429,0.451,0.0,0.0,0.0,0.0,0.0,0.0,0.0,0.0,0.0,0.0,0.0,0.0,0.0,0.0,0.0,0.0,0.0,0.0,0.0,120.0
14.0,4.0,13.0,4.0,0.62,0.4788571428571429,1.0,0.0,0.0,0.0,0.0,0.0,0.0,0.0,0.0,0.0,0.0,0.0,0.0,0.0,360.0,0.0,51.490802456980305,0.0,0.0,120.0
15.0,4.0,13.0,4.0,0.62,0.44342857142857145,1.0,0.0,0.0,198.509016353525,0.0,0.0,0.0,0.0,0.0,0.0,0.0,0.0,0.0,0.0,360.0,198.50901635363059,51.490802456980305,0.0,0.6434460234397053,120.0
16.0,4.0,13.0,4.0,0.62,0.4201428571428572,1.0,0.0,5.5,370.58162563308906,16.180152098058517,0.0,0.0,16.180152098058517,0.0049,0.0,0.0,0.0,0.0,0.0,360.0,196.19312203198683,51.490802456980305,0.0,0.6359392964439216,120.0
17.0,4.0,13.0,4.0,0.62,0.3255714285714286,1.0,0.0,6.5,509.85244088736863,41.161508102649876,3.606143767408698,0.0,44.76765187005857,0.006,0.17975011628577692,0.0,0.0,0.0,0.0,360.0,184.29959526172524,51.490802456980305,0.0,0.597387684806466,120.0
18.0,4.0,17.285714285714285,3.5714285714285716,0.5857142857142856,0.30628571428571433,1.0,0.0,6.5,800.3943447226977,75.60710810426394,13.685284884443542,0.7367818231913464,90.02917481189881,0.007,0.7188754345230431,223.47324079750317,7.82345745169231,212.29957875762793,145.10942543245315,360.0,207.4889766521116,63.65893641963362,0.0,0.7001695078813858,120.0
19.0,5.0,18.0,3.5,0.58,0.42242857142857143,1.0,0.0,7.5,1714.023755592481,125.72030888584807,30.56070862000848,3.520753845237805,159.80177135109437,0.0098,1.6988082662025787,1068.8828620841489,40.87218856548699,1015.4387189799413,758.18994689146,360.0,224.34165073461506,66.65267246738057,0.0,0.7647645970446719,120.0
20.0,5.0,18.0,3.5,0.58,0.4192857142857143,1.0,0.0,8.5,3900.794630133451,246.26927141843527,56.79111053583773,9.70015307533044,312.76053502960343,0.0133,3.267337702651208,2944.916866495082,112.42198288503461,2797.6710231703287,2085.4576235000554,360.0,223.97024928240262,66.65267246738057,0.0,0.7634985161318634,120.0
21.0,5.0,18.0,3.5,0.58,0.36414285714285716,1.0,0.0,9.5,8212.14274676263,535.185630586218,108.89364744017598,21.120209738459817,665.1994877648538,0.0163,5.756278564667072,6411.987666517795,236.79798200389195,6091.3882831919045,4392.876201087597,360.0,216.66933499790508,66.65267246738057,0.0,0.7386102229747161,120.0
22.0,5.0,19.714285714285715,3.371428571428571,0.5457142857142857,0.3728571428571429,1.0,0.0,10.5,16311.757812212549,1109.676092796796,220.47367606304041,42.02848575929779,1372.1782546191343,0.0191,9.633421327336627,12221.841885812633,458.7365904031492,11610.749791522001,8520.865064301306,360.0,212.68566414705873,76.67721597050132,0.0,0.7506832352914989,120.0
23.0,6.0,22.0,3.2,0.5,0.3298571428571428,1.0,0.0,11.5,28904.426331770253,2078.5786640542483,422.8934026739175,78.93397927211231,2580.4060460002784,0.0231,15.130300130339027,20061.78975831206,733.6730367363152,19058.70027039646,13646.867272740656,360.0,191.24870322733915,98.52171992279088,0.0,0.7314133440485663,120.0
24.0,6.0,22.0,3.2,0.5,0.3515714285714286,1.0,0.0,11.5,53363.12171383556,3759.290738861995,800.0588763721037,149.75651057536078,4709.10612580946,0.0258,25.676906247696113,38061.98113670669,1415.2693146039157,36158.88207987136,26355.97414483497,360.0,194.45240377768835,98.52171992279088,0.0,0.7436656066433915,120.0
25.0,6.0,22.0,3.2,0.5,0.2827142857142857,1.0,0.0,12.5,96666.70856489688,6887.407423682431,1475.1092440119544,283.73497953885,8646.251647233235,0.0294,45.75546858401706,72113.82929221653,2524.9389817185424,68508.13782760568,47070.14018192249,360.0,183.1040477865522,98.52171992279088,0.0,0.7002648469788213,120.0
26.0,6.0,22.428571428571427,3.1714285714285717,0.48857142857142855,0.2815714285714286,1.0,0.0,13.5,173140.4064598454,12295.115122242774,2439.25807868587,476.3219224004085,15210.695123329051,0.0328,52.05312730085574,127592.57039730802,4464.106500684031,121212.9418774426,83265.43266828114,360.0,182.37618385673733,99.36726113089443,0.0,0.699743956373531,120.0
27.0,7.0,25.0,3.0,0.42,0.2672857142857143,0.0,0.0,13.5,156171.40808340744,19158.816820578733,3119.0605178104674,594.8389775891173,22872.716315978323,0.0356,47.5378527674306,0.0,0.0,0.0,0.0,0.0,0.0,0.0,0.0,0.6895384204764637,120.0
28.0,7.0,25.0,3.0,0.42,0.29471428571428576,0.0,0.0,13.5,140865.4929339708,23263.150611289842,3974.2977264697543,695.7272505975096,27933.175588357102,0.0367,47.53785276743061,0.0,0.0,0.0,0.0,0.0,0.0,0.0,0.0,0.7100131494248146,120.0
29.0,7.0,25.0,3.0,0.42,0.27471428571428574,0.0,0.0,13.5,127059.66695858217,25418.19648659792,4611.846931739384,821.4696159240854,30851.513034261396,0.0377,47.53785276743061,0.0,0.0,0.0,0.0,0.0,0.0,0.0,0.0,0.6953646344029161,120.0
30.0,7.0,25.0,3.0,0.42,0.3017142857142857,0.0,0.0,85.5,114606.91068744009,26215.082149464484,5032.980431363408,970.5214506010334,32218.584031428923,0.0434,47.53785276743061,0.0,0.0,0.0,0.0,0.0,0.0,0.0,0.0,0.7148118778976896,120.0
31.0,7.0,24.285714285714285,3.0,0.4057142857142857,0.312,0.0,0.0,93.5,102994.76358704586,26225.803231476435,5250.149739097316,1131.385917171501,32607.338887745253,0.0517,46.56098583096799,0.0,0.0,0.0,0.0,0.0,0.0,0.0,0.0,0.7215150783531473,120.0
32.0,8.0,24.0,3.0,0.39999999999999997,0.27971428571428575,0.0,0.0,98.5,92434.58153912154,25559.424508934295,5396.158629167632,1302.9177423213737,32258.5008804233,0.0582,46.16639698903084,0.0,0.0,0.0,0.0,0.0,0.0,0.0,0.0,0.699042651795276,120.0
33.0,8.0,24.0,3.0,0.39999999999999997,0.2508571428571429,0.0,0.0,99.5,82957.14817667824,24413.28228251945,5499.583563564574,1488.3047224932038,31401.17056857723,0.063,46.16639698903084,0.0,0.0,0.0,0.0,0.0,0.0,0.0,0.0,0.6757071601776576,120.0
34.0,8.0,24.0,3.0,0.39999999999999997,0.332,0.0,0.0,99.5,74451.44792151944,22985.090364464013,5537.35782488303,1678.4331014686159,30200.881290815658,0.0659,46.16639698903084,0.0,0.0,0.0,0.0,0.0,0.0,0.0,0.0,0.7337334972340573,120.0
35.0,8.0,22.857142857142858,3.057142857142857,0.4142857142857143,0.289,0.0,0.0,99.5,66244.39521554562,21501.40310735724,5623.634147960088,1916.3747714651497,29041.412026782484,0.0696,47.14872594673126,0.0,0.0,0.0,0.0,0.0,0.0,0.0,0.0,0.7054197001002672,120.0
36.0,9.0,20.0,3.2,0.45000000000000007,0.337,1.0,0.0,99.5,611350.9992345122,19987.03774058325,5806.164934557121,2252.674776126716,28045.877451267093,0.0732,49.54701500800043,770050.9370870431,28202.26906323738,731548.3902326907,524995.1356681595,360.0,211.06510944619177,71.84785708025919,0.0,0.732478014244648,120.0
37.0,9.0,20.0,3.2,0.45000000000000007,0.3931428571428571,1.0,0.0,99.5,1181791.7751588984,65486.8812079577,5709.8064421161,2541.489451310766,73738.17710138457,0.2112,49.54701500800043,866666.5274960964,32977.29446552393,823333.2011212917,613859.7916513092,360.0,219.28799062748686,71.84785708025919,0.0,0.761014609870749,120.0
38.0,9.0,20.0,3.2,0.45000000000000007,0.31957142857142856,1.0,0.0,99.5,1697826.024013408,144492.57197426568,10000.168439110508,1851.7365408925361,156344.47695426873,0.2734,49.54701500800043,937518.7729189767,33850.832810427964,890642.8342730277,630079.5850003284,360.0,208.08522017266694,71.84785708025919,0.0,0.722136639568997,120.0
39.0,9.0,20.0,3.2,0.45000000000000007,0.35185714285714287,1.0,0.0,99.5,2184144.0037526083,241194.49037022417,13644.861761498689,1330.2997876482634,256169.65191937113,0.3102,49.54701500800043,962745.7536656364,35654.82811007824,914608.4659823546,663224.3072043334,360.0,213.43153342896485,71.84785708025919,0.0,0.7406904257811194,120.0
40.0,10.0,14.0,3.6000000000000005,0.52,0.4762857142857143,1.0,0.0,99.5,1916418.4084893642,342974.0761943297,17077.580485163147,1350.110581538002,361401.76726103085,0.3412,54.03709494917814,948484.0226035089,0.0,901059.8214733335,0.0,360.0,0.0,52.350644770829945,0.0,0.0,120.0
41.0,10.0,14.0,3.6000000000000005,0.52,0.398,1.0,0.0,99.5,2413715.63736604,389486.31036622653,19380.391086047774,1521.003563787124,410387.70501606143,0.3562,54.03709494917814,1107474.1191787836,37474.2324011754,1052100.4132198442,694523.4168119282,360.0,208.202128361765,52.350644770829945,0.0,0.6767513886277249,120.0
42.0,10.0,14.0,3.6000000000000005,0.52,0.3924285714285714,1.0,0.0,99.5,2940211.067451657,461910.2974271465,20979.389328507106,1940.5979667612885,484830.284722415,0.3923,54.03709494917813,1253987.8113179277,42292.8006726984,1191288.4207520315,779860.883628914,360.0,207.51960649628128,52.350644770829945,0.0,0.6745328828714708,120.0
43.0,10.0,14.0,3.6000000000000005,0.52,0.4115714285714286,1.0,0.0,99.5,3523497.2551402505,554215.1835204621,24784.567835810147,2240.353122198605,581240.1044784707,0.4193,54.03709494917814,1431825.4070277922,48822.44224407354,1360234.1366764028,894655.8907259625,360.0,209.8048100470823,52.350644770829945,0.0,0.6819608313197905,120.0
44.0,10.0,10.571428571428571,3.714285714285715,0.5371428571428571,0.395,1.0,0.0,99.5,3602653.013854217,622343.1353677678,29640.543006415264,2550.1353130105385,654533.8136871936,0.4355,55.099019422837614,1039326.2723578901,22756.594130809783,987359.9587399957,413991.22778210795,360.0,136.72312756059375,47.78293953866,0.0,0.4379104952130679,120.0
45.0,11.0,8.0,3.8000000000000003,0.5499999999999999,0.34828571428571425,0.0,0.0,99.5,3301070.7155426303,643200.8490357619,33507.0051757474,2936.595644858551,679644.4498563679,0.4483,55.88658863098971,0.0,0.0,0.0,0.0,0.0,0.0,0.0,0.0,0.2000241565061604,120.0
46.0,11.0,8.0,3.8000000000000003,0.5499999999999999,0.43457142857142855,0.0,0.0,99.5,3024734.224225262,646297.3053954851,36904.55632688472,3511.7481624423162,686713.6098848123,0.4544,55.88658863098971,0.0,0.0,0.0,0.0,0.0,0.0,0.0,0.0,0.21074698698275962,120.0
47.0,11.0,8.0,3.8000000000000003,0.5499999999999999,0.3891428571428571,0.0,0.0,99.5,2771530.183865109,636635.0278971909,39916.98301159138,4285.457158197139,680837.4680669795,0.4592,55.88658863098971,0.0,0.0,0.0,0.0,0.0,0.0,0.0,0.0,0.2055545542948945,120.0
48.0,11.0,6.571428571428571,3.857142857142857,0.5585714285714286,0.4367142857142857,0.0,0.0,99.5,2564791.2553080437,608628.4220887568,42222.415449057204,5067.776514010375,655918.6140518246,0.4611,56.40754745297191,0.0,0.0,0.0,0.0,0.0,0.0,0.0,0.0,0.11971380250500656,120.0
49.0,12.0,3.0,4.0,0.58,0.4657142857142857,0.0,0.0,99.5,2462199.605095722,547765.5798798812,40955.742985585486,4966.420983730164,593687.7438491968,0.4589,54.88942200020756,0.0,0.0,0.0,0.0,0.0,0.0,0.0,0.0,0.0,120.0
50.0,12.0,3.0,4.0,0.58,0.45928571428571424,0.0,0.0,99.5,2363711.620891893,492989.0218918931,39727.07069601792,4867.092564055556,537583.1851519666,0.4559,53.41335829160966,0.0,0.0,0.0,0.0,0.0,0.0,0.0,0.0,0.0,120.0
51.0,12.0,3.0,4.0,0.58,0.46414285714285713,0.0,0.0,99.5,2269163.1560562165,443690.11970270384,38535.258575137384,4769.750712774443,486995.12899061566,0.4538,51.978164115241526,0.0,0.0,0.0,0.0,0.0,0.0,0.0,0.0,0.0,120.0
52.0,12.0,3.0,4.0,0.58,0.456125,0.0,0.0,99.5,2178396.629813968,399321.1077324334,37379.20081788326,4674.35569851895,441374.6642488357,0.4511,50.58268163271684,0.0,0.0,0.0,0.0,0.0,0.0,0.0,0.0,0.0,120.0
