budget_usd,capex_usd,tco_usd,lpsp_typical,lpsp_8760,outage_hours_8760,outage_events_8760,def_energy_kWh_8760,e_capacity_kWh,p_capacity_kW,bom,n_Tesla_Powerwall_Plus,n_Enphase_IQ_10T,n_FREEDOH_Module,n_Lead_Carbon_Array,lpsp_relaxed
4000.0,3100.0,277428.51517302054,0.45858508983651153,0.5022185645666473,5054.0,413.0,7733.259651541844,9.6,3.0,1×Lead_Carbon_Array,0,0,0,1,True
5000.0,4400.0,240963.61821783456,0.3958644825752803,0.44424995128718997,4517.0,399.0,6840.6476101756,10.0,5.0,2×FREEDOH_Module,0,0,2,0,True
6000.0,5300.0,228151.98479999095,0.37340604607797545,0.42588793160145305,4317.0,401.0,6557.905640891661,14.6,5.5,1×FREEDOH_Module+1×Lead_Carbon_Array,0,0,1,1,True
7000.0,6600.0,199422.0117467718,0.3235092104470708,0.3745356611548922,3742.0,394.0,5767.173340101228,15.0,7.5,3×FREEDOH_Module,0,0,3,0,True
8000.0,7500.0,189126.87837070643,0.30507975125977344,0.3621903016770514,3576.0,391.0,5577.077081082718,19.6,8.0,2×FREEDOH_Module+1×Lead_Carbon_Array,0,0,2,1,True
9000.0,8800.0,163479.35142145876,0.2600675195381504,0.32418496632127286,3134.0,370.0,4991.863496428071,20.0,10.0,4×FREEDOH_Module,0,0,4,0,True
10000.0,9700.0,157669.09730513263,0.24892479341974783,0.3190617912253093,3057.0,366.0,4912.9758446114065,24.6,10.5,3×FREEDOH_Module+1×Lead_Carbon_Array,0,0,3,1,True
11000.0,10600.0,153542.18102424146,0.24046813510697324,0.3149846863758676,3005.0,358.0,4850.195786979528,29.2,11.0,2×FREEDOH_Module+2×Lead_Carbon_Array,0,0,2,2,True
12000.0,11900.0,141120.83185902872,0.2173850449983176,0.2956400801678249,2810.0,340.0,4552.323758308692,29.6,13.0,4×FREEDOH_Module+1×Lead_Carbon_Array,0,0,4,1,True
13000.0,11900.0,141120.83185902872,0.2173850449983176,0.2956400801678249,2810.0,340.0,4552.323758308692,29.6,13.0,4×FREEDOH_Module+1×Lead_Carbon_Array,0,0,4,1,True
14000.0,11900.0,141120.83185902878,0.21738504499831768,0.2956400801678249,2810.0,340.0,4552.323758308692,29.6,13.0,4×FREEDOH_Module+1×Lead_Carbon_Array,0,0,4,1,True
15000.0,11900.0,141120.83185902878,0.21738504499831768,0.2956400801678249,2810.0,340.0,4552.323758308692,29.6,13.0,4×FREEDOH_Module+1×Lead_Carbon_Array,0,0,4,1,True
16000.0,15700.0,140835.77626610803,0.2105128558852149,0.2907336396133736,2767.0,335.0,4476.773427338417,29.68,11.84,1×Enphase_IQ_10T+2×FREEDOH_Module+1×Lead_Carbon_Array,0,1,2,1,True
17000.0,17000.0,138419.37151524395,0.20426083906737003,0.2760178135344796,2602.0,310.0,4250.176260120565,30.08,13.84,1×Enphase_IQ_10T+4×FREEDOH_Module,0,1,4,0,True
18000.0,17100.0,136174.4550684777,0.20031604348012538,0.27623707565490835,2604.0,318.0,4253.552501121306,28.5,12.5,1×Tesla_Powerwall_Plus+3×FREEDOH_Module,1,0,3,0,True
