timestamp,hour_index,hour_of_day,ghi_W_m2,pv_output_kW,raw_load_kW,negotiated_load_kW,soc_passive,soc_adaptive,p_def_passive_kW,p_def_adaptive_kW
2021-02-09T00:00,936,17,276.0,2.3011399480239247,0.5017624429223744,0.5017624429223744,0.9024026271966605,0.9024026271966605,0.0,0.0
2021-02-09T01:00,937,18,80.0,0.5115128311972649,1.1596624429223743,1.1596624429223743,0.9304878048780487,0.9304878048780487,0.0,0.0
2021-02-09T02:00,938,19,0.0,0.0,2.7024585168966104,2.7024585168966104,0.9011053957086956,0.9011053957086956,0.0,0.0
2021-02-09T03:00,939,20,0.0,0.0,2.997158586895788,2.997158586895788,0.7785946796018671,0.7785946796018671,0.0,0.0
2021-02-09T04:00,940,21,0.0,0.0,0.4890874429223744,0.4890874429223744,0.642720517593755,0.642720517593755,0.0,0.0
2021-02-09T05:00,941,22,0.0,0.0,0.6996874429223743,0.6996874429223743,0.62054738251247,0.62054738251247,0.0,0.0
2021-02-09T06:00,942,23,0.0,0.0,0.5120374429223744,0.5120374429223744,0.5888263830708589,0.5888263830708589,0.0,0.0
2021-02-09T07:00,943,0,0.0,0.0,0.4284124429223743,0.4284124429223743,0.565612508211958,0.565612508211958,0.0,0.0
2021-02-09T08:00,944,1,0.0,0.0,0.7116874429223744,0.7116874429223744,0.54618977744176,0.54618977744176,0.0,0.0
2021-02-09T09:00,945,2,0.0,0.0,0.5967124429223744,0.5967124429223744,0.5139242003131163,0.5139242003131163,0.0,0.0
2021-02-09T10:00,946,3,0.0,0.0,1.953482791254317,1.953482791254317,0.48687101429300345,0.48687101429300345,0.0,0.0
2021-02-09T11:00,947,4,0.0,0.0,2.05606086760617,2.05606086760617,0.39830530821129523,0.39830530821129523,0.0,0.0
2021-02-09T12:00,948,5,0.0,0.0,1.9322450188741584,1.9322450188741584,0.30508710580412207,0.30508710580412207,0.0,0.0
2021-02-09T13:00,949,6,0.0,0.0,2.889458249784344,2.889458249784344,0.21748063811453505,0.21748063811453505,2.019767999198375,2.019767999198375
2021-02-09T14:00,950,7,0.0,0.0,5.248425766170826,4.048425766170825,0.17804878048780487,0.17804878048780487,5.248425766170826,4.048425766170825
2021-02-09T15:00,951,8,25.0,0.3624725104328704,3.486969999348241,2.2869699993482406,0.17804878048780487,0.17804878048780487,3.1244974889153703,1.9244974889153703
2021-02-09T16:00,952,9,189.0,2.3840003287937375,0.5393374429223744,0.5393374429223744,0.17804878048780487,0.17804878048780487,0.0,0.0
2021-02-09T17:00,953,10,381.0,3.779486501620793,0.4704624429223744,0.4704624429223744,0.24685632008622965,0.24685632008622965,0.0,0.0
2021-02-09T18:00,954,11,548.0,4.773747657134631,2.812746613170618,0.4127466131706181,0.3702881629718623,0.3702881629718623,0.0,0.0
2021-02-09T19:00,955,12,605.0,4.681738360915804,2.359112340942898,0.3,0.4434391091945495,0.5329659717501979,0.0,0.0
2021-02-09T20:00,956,13,566.0,4.034079557894401,2.1767324920551037,0.3,0.5300814549915457,0.6964247004430302,0.0,0.0
2021-02-09T21:00,957,14,594.0,4.276263258710437,4.119295975312826,1.7192959753128263,0.59936887532815,0.8357291175954599,0.0,0.0
2021-02-09T22:00,958,15,529.0,3.83031481385764,3.060633379957848,0.6606333799578481,0.6052245750433677,0.9304878048780487,0.0,0.0
2021-02-09T23:00,959,16,356.0,2.502537515369689,0.5937624429223743,0.5937624429223743,0.6339377601051498,0.9304878048780487,0.0,0.0
2021-02-10T00:00,960,17,180.0,1.2065132202358226,0.4837624429223744,0.4837624429223744,0.7051457235297147,0.9304878048780487,0.0,0.0
2021-02-10T01:00,961,18,41.0,0.5818365275237184,1.995187387613505,1.995187387613505,0.7321088926570907,0.9304878048780487,0.0,0.0
2021-02-10T02:00,962,19,0.0,0.0,1.7845040310599394,1.7845040310599394,0.6680169977268691,0.8663923911662523,0.0,0.0
2021-02-10T03:00,963,20,0.0,0.0,4.5637192239236635,3.3637192239236633,0.5870930622921293,0.7854640127702216,0.0,0.0
2021-02-10T04:00,964,21,0.0,0.0,2.553745748977413,1.3537457489774132,0.3801330792365187,0.632914423039305,0.0,0.0
2021-02-10T05:00,965,22,0.0,0.0,0.3781624429223744,0.3,0.264317873495862,0.5715179397513721,0.0,0.0
2021-02-10T06:00,966,23,0.0,0.0,0.4355374429223744,0.4355374429223744,0.24716733453652007,0.557911837969585,0.0,0.0
2021-02-10T07:00,967,0,0.0,0.0,2.4859333763075564,2.4859333763075564,0.22741462987459185,0.5381585541871304,1.3974455216604256,0.0
2021-02-10T08:00,968,1,0.0,0.0,0.4016374429223743,0.4016374429223743,0.17804878048780487,0.42541148943075285,0.4016374429223743,0.0
2021-02-10T09:00,969,2,0.0,0.0,1.742583100435893,1.742583100435893,0.17804878048780487,0.40719515040506027,1.742583100435893,0.0
2021-02-10T10:00,970,3,0.0,0.0,0.4284124429223743,0.4284124429223743,0.17804878048780487,0.32815965024089266,0.4284124429223743,0.0
2021-02-10T11:00,971,4,0.0,0.0,0.4857874429223743,0.4857874429223743,0.17804878048780487,0.3087284960156243,0.4857874429223743,0.0
2021-02-10T12:00,972,5,0.0,0.0,0.4666624429223743,0.4666624429223743,0.17804878048780487,0.28669493317607286,0.4666624429223743,0.0
2021-02-10T13:00,973,6,0.0,0.0,0.7422874429223744,0.7422874429223744,0.17804878048780487,0.26552870504561193,0.7422874429223744,0.0
2021-02-10T14:00,974,7,0.0,0.0,0.7881874429223744,0.3,0.17804878048780487,0.23186089803778526,0.7881874429223744,0.0
2021-02-10T15:00,975,8,24.0,0.3291221069834453,2.7796326317935,1.5796326317935,0.17804878048780487,0.21825374407297618,2.450510524810055,0.364105348405666
2021-02-10T16:00,976,9,181.0,2.1723146192082377,3.034452131556326,3.034452131556326,0.17804878048780487,0.17804878048780487,0.8621375123480886,0.8621375123480886
2021-02-10T17:00,977,10,370.0,3.622814699019921,0.3480874429223743,0.3480874429223743,0.17804878048780487,0.17804878048780487,0.0,0.0
2021-02-10T18:00,978,11,508.0,4.356419146042947,0.2562874429223744,0.2562874429223744,0.30023311460237617,0.3002453415177031,0.0,0.0
2021-02-10T19:00,979,12,655.0,5.250729151732214,0.2600874429223745,0.2600874429223745,0.4532195353136169,0.4532470720088977,0.0,0.0
2021-02-10T20:00,980,13,654.0,4.956357095788913,0.2922624429223744,0.2922624429223744,0.6394410503399167,0.6394872235332875,0.0,0.0
2021-02-10T21:00,981,14,567.0,4.1004086782920846,0.4947624429223744,0.3,0.8134867113222224,0.8135503033880005,0.0,0.0
2021-02-10T22:00,982,15,474.0,3.3280362259441976,2.4212563034042116,0.3,0.9304878048780487,0.9304878048780487,0.0,0.0
2021-02-10T23:00,983,16,403.0,2.999981732408741,2.427668639469378,2.427668639469378,0.9304878048780487,0.9304878048780487,0.0,0.0
2021-02-11T00:00,984,17,267.0,2.170599896259481,0.3417624429223743,0.3417624429223743,0.9304878048780487,0.9304878048780487,0.0,0.0
2021-02-11T01:00,985,18,65.0,0.4786333260506229,1.2631624429223742,1.2631624429223742,0.9304878048780487,0.9304878048780487,0.0,0.0
2021-02-11T02:00,986,19,0.0,0.0,1.0784374429223744,1.0784374429223744,0.8948994913980453,0.894895930096184,0.0,0.0
2021-02-11T03:00,987,20,0.0,0.0,0.5466874429223744,0.3,0.8459783233674733,0.8459698665130702,0.0,0.0
2021-02-11T04:00,988,21,0.0,0.0,1.7381665143365876,0.5381665143365877,0.8211786594590793,0.8323594501964658,0.0,0.0
2021-02-11T05:00,989,22,0.0,0.0,1.5884328537639285,0.38843285376392855,0.7423288718720208,0.8079438068490754,0.0,0.0
2021-02-11T06:00,990,23,0.0,0.0,3.386220762571498,3.386220762571498,0.6702702742129671,0.7903212114508571,0.0,0.0
2021-02-11T07:00,991,0,0.0,0.0,2.4653549188164305,2.4653549188164305,0.5166532535212998,0.6366930173733734,0.0,0.0
2021-02-11T08:00,992,1,0.0,0.0,0.4513624429223744,0.4513624429223744,0.40480770366247393,0.5248393321062096,0.0,0.0
2021-02-11T09:00,993,2,0.0,0.0,0.5278624429223744,0.5278624429223744,0.38433026014097654,0.5043603990609234,0.0,0.0
2021-02-11T10:00,994,3,0.0,0.0,1.2372755838602714,1.2372755838602714,0.36038204751347397,0.4804104444386898,0.0,0.0
2021-02-11T11:00,995,4,0.0,0.0,0.6234874429223745,0.6234874429223745,0.30424867278632006,0.4242729865435053,0.0,0.0
2021-02-11T12:00,996,5,0.0,0.0,0.6387874429223743,0.6387874429223743,0.2759616023869903,0.395983858503097,0.0,0.0
2021-02-11T13:00,997,6,0.0,0.0,2.6195119940331777,2.6195119940331777,0.24698019796440276,0.36700034591902503,1.1001848856724434,0.0
2021-02-11T14:00,998,7,0.0,0.0,0.8761624429223743,0.8761624429223743,0.17804878048780487,0.24814522334813682,0.8761624429223743,0.0
2021-02-11T15:00,999,8,29.0,0.447087499977788,0.8226124429223745,0.8226124429223745,0.17804878048780487,0.20839002745452911,0.37552494294458644,0.0
2021-02-11T16:00,1000,9,196.0,2.44794051606185,0.7919874429223743,0.7919874429223743,0.17804878048780487,0.19135071823428146,0.0,0.0
2021-02-11T17:00,1001,10,393.0,3.899462796824878,0.5892874429223743,0.5892874429223743,0.23985799834375798,0.2531659341024074,0.0,0.0
2021-02-11T18:00,1002,11,559.0,4.857120921891385,0.5280624429223744,0.5280624429223744,0.3634139448242141,0.3767338707483171,0.0,0.0
2021-02-11T19:00,1003,12,672.0,5.3759352687208555,0.8926441733319295,0.8926441733319295,0.5250063530728868,0.5383419608481921,0.0,0.0
2021-02-11T20:00,1004,13,721.0,5.484898046827569,0.9917478110533148,0.9917478110533148,0.6923633446308883,0.7057151944119048,0.0,0.0
2021-02-11T21:00,1005,14,701.0,5.205902972322536,0.5622624429223744,0.5622624429223744,0.8600961368252371,0.8734642658374607,0.0,0.0
2021-02-11T22:00,1006,15,615.0,4.559099285898443,0.4227624429223744,0.4227624429223744,0.9304878048780487,0.9304878048780487,0.0,0.0
2021-02-11T23:00,1007,16,470.0,3.561235166284962,0.4407624429223745,0.4407624429223745,0.9304878048780487,0.9304878048780487,0.0,0.0
