parameter,value,dN_dtheta,elasticity,target,N_target
L_max_per_day,2000.0,0.0,0.0,peak,27545.504083016553
omega_hive,5000.0,-0.0,-0.0,peak,27545.504083016553
tau_open_days,8.0,-156.00851043564663,-0.04530932088676792,peak,27545.504083016553
tau_capped_days,13.0,-232.9974217779174,-0.1099622818295224,peak,27545.504083016553
alpha_min,0.08,0.0,0.0,peak,27545.504083016553
alpha,0.15,0.0,0.0,peak,27545.504083016553
m_forager_summer,0.1,0.0,0.0,peak,27545.504083016553
m_forager_winter,0.007,-125547.81334064587,-0.03190483248140574,peak,27545.504083016553
p_fertilized,0.95,0.0,0.0,peak,27545.504083016553
beta_replace,0.25,0.0,0.0,peak,27545.504083016553
L_max_per_day,2000.0,2.766111505143758,2.667213595254474,end,2074.1582226974574
omega_hive,5000.0,-0.698152817218086,-1.6829786888440297,end,2074.1582226974574
tau_open_days,8.0,103.18612088800297,0.3979874621283566,end,2074.1582226974574
tau_capped_days,13.0,153.72545253534918,0.9634900853226934,end,2074.1582226974574
alpha_min,0.08,-34470.400626939794,-1.3295186548347617,end,2074.1582226974574
alpha,0.15,-19720.923331696787,-1.4261874853054546,end,2074.1582226974574
m_forager_summer,0.1,-3181.4940317613177,-0.1533872390710754,end,2074.1582226974574
m_forager_winter,0.007,-24140.66576980564,-0.08147144154165527,end,2074.1582226974574
p_fertilized,0.95,5823.392642407912,2.667213595254474,end,2074.1582226974574
beta_replace,0.25,-3447.040062693978,-0.4154745796358629,end,2074.1582226974574
