objective,parameter,theta,J_star,dJ_dtheta,elasticity,abs_elasticity
J_nectar_N_day270,nectar_intake_rate,0.35,106744.94846473067,252852.47331460984,0.8290637349396816,0.8290637349396816
J_nectar_N_day270,laying_rate_max,1600.0,106744.94846473067,37.30912187191271,0.5592264163655845,0.5592264163655845
J_nectar_N_day270,social_inhibition_k,10.0,106744.94846473067,-5269.119138999925,-0.49361765730215157,0.49361765730215157
J_nectar_N_day270,forager_mortality,0.14,106744.94846473067,-231427.94157466898,-0.3035264177504272,0.3035264177504272
J_nectar_N_day270,pollen_intake_rate,0.1,106744.94846473067,-633.2139472254588,-0.0005932027288716875,0.0005932027288716875
J_pop_H+F_day365,laying_rate_max,1600.0,35179.259562362924,20.34209234432473,0.9251856962259902,0.9251856962259902
J_pop_H+F_day365,forager_mortality,0.14,35179.259562362924,-78208.21780604767,-0.31123879891323225,0.31123879891323225
J_pop_H+F_day365,social_inhibition_k,10.0,35179.259562362924,1033.9531249720167,0.2939098599102431,0.2939098599102431
J_pop_H+F_day365,nectar_intake_rate,0.35,35179.259562362924,642.622401646132,0.006393478526102294,0.006393478526102294
J_pop_H+F_day365,pollen_intake_rate,0.1,35179.259562362924,2236.8458132034402,0.0063584220959458865,0.0063584220959458865
