mu_F,n_peak_summer,n_peak_year,n_overwinter,mean_recruit_rate_summer,conversion_age_proxy_days,n_min,day_peak,stress_label,zone,safe_cut,comp_cut
0.08,11087.982952412052,20000.0,5485.014527177975,0.006576619489596839,152.0538023496479,5485.014527177975,1.0,field_triple_stress,Safe Zone,5000.0,3000.0
0.085,10854.113704119814,20000.0,5390.290688263122,0.006885169149234436,145.23971427937835,5390.290688263122,1.0,field_triple_stress,Safe Zone,5000.0,3000.0
0.09,10628.94961451512,20000.0,5298.773097402286,0.007190036140982971,139.08135931334652,5298.773097402286,1.0,field_triple_stress,Safe Zone,5000.0,3000.0
0.095,10411.945905773127,20000.0,5210.268951491273,0.007491416780498434,133.48609873144264,5210.268951491273,1.0,field_triple_stress,Safe Zone,5000.0,3000.0
0.1,10202.611457421473,20000.0,5124.604052762229,0.007789487421932106,128.37815196727794,5124.604052762229,1.0,field_triple_stress,Safe Zone,5000.0,3000.0
0.105,10000.501543070955,20000.0,5041.620371011086,0.008084407332876369,123.69490536843198,5041.620371011086,1.0,field_triple_stress,Safe Zone,5000.0,3000.0
0.11,9805.21170036787,20000.0,4961.17395345048,0.008376321050697313,119.38415372901112,4961.17395345048,1.0,field_triple_stress,Compensatory Zone,5000.0,3000.0
0.115,9616.37257846945,20000.0,4883.133150296866,0.008665360330177346,115.40201006038649,4883.133150296866,1.0,field_triple_stress,Compensatory Zone,5000.0,3000.0
0.12,9433.645607788165,20000.0,4807.377114302177,0.008951645765504779,111.7113016081921,4807.377114302177,1.0,field_triple_stress,Compensatory Zone,5000.0,3000.0
0.125,9256.71935016145,20000.0,4733.7945311784915,0.009235288150685191,108.28032473743738,4733.7945311784915,1.0,field_triple_stress,Compensatory Zone,5000.0,3000.0
0.13,9085.306407890273,20000.0,4662.282541764813,0.009516389628330187,105.08186813022147,4662.282541764813,1.0,field_triple_stress,Compensatory Zone,5000.0,3000.0
0.135,8919.140791241613,20000.0,4592.745822542286,0.009795044666037825,102.09243899287986,4592.745822542286,1.0,field_triple_stress,Compensatory Zone,5000.0,3000.0
0.14,8757.975663019946,20000.0,4525.095796925099,0.01007134089133744,99.29164455749084,4525.095796925099,1.0,field_triple_stress,Compensatory Zone,5000.0,3000.0
0.145,8601.581394727273,20000.0,4459.24995490217,0.010345359809817017,96.6616935885662,4459.24995490217,1.0,field_triple_stress,Compensatory Zone,5000.0,3000.0
0.15,8449.74388169178,20000.0,4395.131262890279,0.010617177426129843,94.18699150104703,4395.131262890279,1.0,field_triple_stress,Compensatory Zone,5000.0,3000.0
0.155,8302.263074767372,20000.0,4332.667649122625,0.010886864783745169,91.85380914191826,4332.667649122625,1.0,field_triple_stress,Compensatory Zone,5000.0,3000.0
0.16,8158.9516942779965,20000.0,4271.791552659856,0.011154488436307482,89.65001001256444,4271.791552659856,1.0,field_triple_stress,Compensatory Zone,5000.0,3000.0
0.165,8019.634098254499,20000.0,4212.439526305591,0.011420110861104409,87.56482420900883,4212.439526305591,1.0,field_triple_stress,Compensatory Zone,5000.0,3000.0
0.17,7884.14528205748,20000.0,4154.551885452923,0.011683790823268422,85.58865997570642,4154.551885452923,1.0,field_triple_stress,Compensatory Zone,5000.0,3000.0
0.175,7752.329990496029,20000.0,4098.07239628031,0.011945583697840182,83.71294574586629,4098.07239628031,1.0,field_triple_stress,Compensatory Zone,5000.0,3000.0
0.18,7624.041926766661,20000.0,4042.947997830935,0.012205541755618752,81.92999704741952,4042.947997830935,1.0,field_triple_stress,Compensatory Zone,5000.0,3000.0
0.185,7499.143045126515,20000.0,3989.1285534099115,0.01246371441775079,80.23290381042449,3989.1285534099115,1.0,field_triple_stress,Compensatory Zone,5000.0,3000.0
0.19,7377.502916313912,20000.0,3936.5666274636214,0.012720148483219774,78.61543450685224,3936.5666274636214,1.0,field_triple_stress,Compensatory Zone,5000.0,3000.0
0.195,7258.998156442493,20000.0,3885.2172847019037,0.012974888332748376,77.0719542515074,3885.2172847019037,1.0,field_triple_stress,Compensatory Zone,5000.0,3000.0
0.2,7143.511911500271,20000.0,3835.037908713225,0.013227976112094142,75.59735454055703,3835.037908713225,1.0,field_triple_stress,Compensatory Zone,5000.0,3000.0
0.205,7030.9333907455875,20000.0,3785.9880377273917,0.013479451897277988,74.18699273684399,3785.9880377273917,1.0,field_triple_stress,Compensatory Zone,5000.0,3000.0
0.21,6921.15744325506,20000.0,3738.029215516331,0.01372935384391798,72.83663975511811,3738.029215516331,1.0,field_triple_stress,Compensatory Zone,5000.0,3000.0
0.215,6814.0841726821,20000.0,3691.1248557036456,0.013977718322534957,71.54243467532139,3691.1248557036456,1.0,field_triple_stress,Compensatory Zone,5000.0,3000.0
0.22,6709.618585958763,20000.0,3645.240117989083,0.014224580041439339,70.30084523316538,3645.240117989083,1.0,field_triple_stress,Compensatory Zone,5000.0,3000.0
0.225,6607.670272241155,20000.0,3600.341794992116,0.014469972158591839,69.10863331594109,3600.341794992116,1.0,field_triple_stress,Compensatory Zone,5000.0,3000.0
0.23,6508.1531088792935,20000.0,3556.398208586914,0.014713926383647474,67.96282473666335,3556.398208586914,1.0,field_triple_stress,Compensatory Zone,5000.0,3000.0
0.235,6410.9849916006515,20000.0,3513.3791147435386,0.014956473071236405,66.86068267813444,3513.3791147435386,1.0,field_triple_stress,Compensatory Zone,5000.0,3000.0
0.24,6316.087586444874,20000.0,3471.2556160120985,0.01519764130640229,65.79968429566313,3471.2556160120985,1.0,field_triple_stress,Compensatory Zone,5000.0,3000.0
0.245,6223.3861012859115,20000.0,3430.0000808910677,0.015437458983004776,64.77750004718446,3430.0000808910677,1.0,field_triple_stress,Compensatory Zone,5000.0,3000.0
0.25,6132.809075034054,20000.0,3389.5860694106077,0.01567595287579461,63.79197538569471,3389.5860694106077,1.0,field_triple_stress,Compensatory Zone,5000.0,3000.0
0.255,6044.288182832022,20000.0,3349.9882643394144,0.015913148706783863,62.84111450386274,3349.9882643394144,1.0,field_triple_stress,Compensatory Zone,5000.0,3000.0
0.26,5957.758055750673,20000.0,3311.182407490542,0.016149071206456842,61.92306586648603,3311.182407490542,1.0,field_triple_stress,Compensatory Zone,5000.0,3000.0
0.265,5873.156113656344,20000.0,3273.145240660134,0.016383744170293542,61.0361093048051,3273.145240660134,1.0,field_triple_stress,Compensatory Zone,5000.0,3000.0
0.27,5790.4224100667025,20000.0,3235.8544507834736,0.01661719051099841,60.178644478928646,3235.8544507834736,1.0,field_triple_stress,Compensatory Zone,5000.0,3000.0
0.275,5709.499487934218,20000.0,3199.2886189358455,0.016849432306741324,59.34918054182205,3199.2886189358455,1.0,field_triple_stress,Compensatory Zone,5000.0,3000.0
0.28,5630.332244995397,20000.0,3163.4271726940183,0.017080490847154364,58.546326856092755,3163.4271726940183,1.0,field_triple_stress,Compensatory Zone,5000.0,3000.0
0.285,5552.867769875796,20000.0,3128.250327927626,0.017310386823078554,57.768784153730174,3128.250327927626,1.0,field_triple_stress,Compensatory Zone,5000.0,3000.0
0.29,5477.051828706042,20000.0,3093.7378477156117,0.01753915335165043,57.01529486347186,3093.7378477156117,1.0,field_triple_stress,Compensatory Zone,5000.0,3000.0
0.295,5402.550173759312,20000.0,3059.7722011411224,0.01776789549657108,56.281285546337436,3059.7722011411224,1.0,field_triple_stress,Compensatory Zone,5000.0,3000.0
0.3,5319.050701307043,20000.0,3022.7193707123847,0.018036958778115987,55.441718989416735,3022.7193707123847,1.0,field_triple_stress,Compensatory Zone,5000.0,3000.0
0.305,5215.823863508325,20000.0,2978.006868384887,0.01840282270842183,54.339489970870716,2978.006868384887,1.0,field_triple_stress,Collapse Zone,5000.0,3000.0
0.31,5111.391390989779,20000.0,2932.2082624907384,0.01879651345245131,53.20135580088588,2932.2082624907384,1.0,field_triple_stress,Collapse Zone,5000.0,3000.0
0.315,5007.73228420915,20000.0,2886.409253166228,0.019205902204596562,52.06732749897421,2886.409253166228,1.0,field_triple_stress,Collapse Zone,5000.0,3000.0
0.32,4905.169299369468,20000.0,2840.8580619257214,0.019628001234715663,50.947622635733254,2840.8580619257214,1.0,field_triple_stress,Collapse Zone,5000.0,3000.0
0.325,4803.855268536438,20000.0,2795.671167225113,0.020061262852929442,49.84731057715916,2795.671167225113,1.0,field_triple_stress,Collapse Zone,5000.0,3000.0
0.33,4703.821102446296,20000.0,2750.889239765147,0.020505074211621153,48.76841652361613,2750.889239765147,1.0,field_triple_stress,Collapse Zone,5000.0,3000.0
0.335,4605.148558724444,20000.0,2706.5630869947736,0.020958606495636026,47.713095820956354,2706.5630869947736,1.0,field_triple_stress,Collapse Zone,5000.0,3000.0
0.34,4507.815134511448,20000.0,2662.692671446288,0.02142176800138945,46.6814877247825,2662.692671446288,1.0,field_triple_stress,Collapse Zone,5000.0,3000.0
0.345,4411.766460240409,20000.0,2619.2601415785452,0.021894768956073046,45.67300993247639,2619.2601415785452,1.0,field_triple_stress,Collapse Zone,5000.0,3000.0
0.35,4316.993662192113,20000.0,2576.2649647102558,0.022377560706137507,44.68762315660837,2576.2649647102558,1.0,field_triple_stress,Collapse Zone,5000.0,3000.0
0.355,4223.450810939891,20000.0,2533.6887189322065,0.022870404006498656,43.72463204916925,2533.6887189322065,1.0,field_triple_stress,Collapse Zone,5000.0,3000.0
0.36,4131.015005010112,20000.0,2491.47716609882,0.02337424549449932,42.78212959795134,2491.47716609882,1.0,field_triple_stress,Collapse Zone,5000.0,3000.0
0.365,4039.668070041993,20000.0,2449.621490223512,0.023889223689119516,41.859878454545836,2449.621490223512,1.0,field_triple_stress,Collapse Zone,5000.0,3000.0
0.37,3949.928488892708,20000.0,2408.353788332907,0.02441055659007422,40.96588278559033,2408.353788332907,1.0,field_triple_stress,Collapse Zone,5000.0,3000.0
0.375,3861.260666768249,20000.0,2367.432896865573,0.02494235577611887,40.09244391251338,2367.432896865573,1.0,field_triple_stress,Collapse Zone,5000.0,3000.0
0.38,3772.587545554031,20000.0,2326.372942134918,0.02549403905149729,39.22485558212358,2326.372942134918,1.0,field_triple_stress,Collapse Zone,5000.0,3000.0
0.385,3687.6259872120772,20000.0,2286.833830604177,0.026029557428670313,38.4178641046946,2286.833830604177,1.0,field_triple_stress,Collapse Zone,5000.0,3000.0
0.39,3600.353469510694,20000.0,2246.1192878878187,0.02660287070781442,37.58992820674261,2246.1192878878187,1.0,field_triple_stress,Collapse Zone,5000.0,3000.0
0.395,3518.58784366971,20000.0,2207.730110723539,0.027132337085596165,36.85639010179014,2207.730110723539,1.0,field_triple_stress,Collapse Zone,5000.0,3000.0
0.4,3432.2626315714283,20000.0,2167.1311008212388,0.027711007860982354,36.086742316147216,2167.1311008212388,1.0,field_triple_stress,Collapse Zone,5000.0,3000.0
