m_scale,m_summer_effective,n_peak,n_end,n_min,collapsed
0.6,0.06,27918.667352650704,2678.3722831358973,2678.3722831358973,0.0
0.8,0.08000000000000002,27726.29181728562,2229.860447020872,2229.860447020872,0.0
1.0,0.1,27545.504083016553,2074.158177559227,2074.158177559227,0.0
1.2,0.12,27373.404106395054,2000.17435168428,2000.17435168428,0.0
1.4,0.13999999999999999,27210.46344019056,1942.7981799522702,1942.7981799522702,1.0
1.6,0.16000000000000003,27055.828772298428,1881.7785278936726,1881.7785278936726,1.0
1.8,0.18000000000000002,26907.414771962704,1812.2567067759899,1812.2567067759899,1.0
2.0,0.2,26766.656304817247,1734.6756239625006,1734.6756239625006,1.0
2.2,0.22000000000000003,26632.552476817673,1651.0777811691978,1651.0777811691978,1.0
2.4,0.24,26503.682832014365,1563.73642978735,1563.73642978735,1.0
2.6,0.26,26379.850096193444,1474.6811526584793,1474.6811526584793,1.0
2.8,0.27999999999999997,26261.185865610314,1385.5705846729327,1385.5705846729327,1.0
3.0,0.30000000000000004,26148.51907355272,1297.6957977269576,1297.6957977269576,1.0
3.2,0.32000000000000006,26040.11951063544,1212.027336969972,1212.027336969972,1.0
3.4,0.34,25935.831323094048,1129.2713558112744,1129.2713558112744,1.0
