doy,B,C,H,F,P,adults,brood,temp_c,forage_index
1.0,8000.0,6000.0,15000.0,5000.0,15.0,20000.0,14000.0,-1.3978529561957949,0.0
2.0,6920.0,6508.461538461538,15401.538461538461,4965.0,14.9535,20366.53846153846,13428.461538461539,-1.463331620834854,0.0
3.0,5985.8,6840.2683431952655,15840.583195266272,4930.245,14.908011057692308,20770.828195266273,12826.068343195266,-1.5251171313339356,0.0
4.0,5177.717000000001,7028.117513541192,16303.395350423305,4895.733285,14.86357428277367,21199.128635423305,12205.834513541193,-1.5831911793128342,0.0
5.0,4478.725205000001,7099.567126854933,16778.806193140164,4861.463152005001,14.820211808641634,21640.269345145163,11578.292331854933,-1.637536556177796,0.0
6.0,3874.097302325001,7077.789393626048,17257.811516587215,4827.432909940966,14.777930448886101,22085.24442652818,10951.886695951049,-1.6881371582207887,0.0
7.0,3351.094166511126,6982.217271477309,17733.2256084921,4793.64087957138,14.736724770500315,22526.86648806348,10333.311437988436,-1.7349779913913714,0.0
8.0,2898.6964540321237,6829.099319666328,18199.386342325615,4760.08539341438,14.696579669898794,22959.471735739993,9727.795773698452,-1.77804517573977,0.0
9.0,2507.3724327377868,6631.975547539986,18651.904129238337,4726.764795660479,14.657472525606167,23378.668924898815,9139.347980277773,-1.8173259495297955,0.0
10.0,2168.8771543181856,6402.085258699126,19087.44847791677,4693.677442090855,14.619374990956867,23781.125920007624,8570.96241301731,-1.8528086730204265,0.0
11.0,1876.0787384852306,6148.716379872394,19503.56678082811,4660.821699996219,14.582254481087572,24164.38848082433,8024.795118357624,-1.8844828319149105,0.0
12.0,1622.8081087897244,5879.504457216579,19898.530696771904,4628.195948096245,14.546075400710649,24526.726644868148,7502.312566006303,-1.912339040476386,0.0
13.0,1403.7290141031117,5600.688374897167,20271.20614761686,4595.798576459571,14.510800152453484,24867.004724076432,7004.4173890002785,-1.9363690443090675,0.0
14.0,1214.2255971991917,5317.328877101172,20620.94350571079,4563.627986424354,14.476389959785177,25184.571492135146,6531.554474300364,-1.9565657228042124,0.0
15.0,1050.305141577301,5033.495134127013,20947.485029926498,4531.682590519384,14.4428055335989,25479.16762044588,6083.800275704314,-1.9729230912500988,0.0
16.0,908.5139474643653,4752.423867759156,21250.88702320118,4499.960812385748,14.41000760726323,25750.847835586927,5660.937815223521,-1.9854363026054376,0.0
17.0,785.864564556676,4476.654925102701,21531.45454185908,4468.461086699048,14.377957361302286,25999.915628558127,5262.519489659377,-1.9941016489356451,0.0
18.0,679.7728483415248,4208.146649885026,21789.686794853387,4437.181859092155,14.346616755729134,26226.86865394554,4887.919498226551,-1.9989165625115923,0.0
19.0,588.003513815419,3948.373934225597,22026.231636126668,4406.12158607851,14.315948785367665,26432.353222205176,4536.377448041016,-1.999879616570471,0.0
20.0,508.6230394503374,3698.411431917889,22241.847781445667,4375.27873497596,14.28591767119292,26617.126516421627,4207.034471368226,-1.9969905257385816,0.0
21.0,439.95892912454184,3459.0040676189847,22437.373577390492,4344.651783831128,14.256488998745025,26782.02536122162,3898.9629967435267,-1.9902501461158852,0.0
22.0,380.5644736927287,3230.6266774507662,22613.701319051623,4314.239221344311,14.227629812981435,26927.94054039593,3611.191151143495,-1.9796604750223352,0.0
23.0,329.18826974421034,3013.534358855814,22771.756258194706,4284.039546794901,14.199308677486066,27055.795804989608,3342.722628600024,-1.9652246504060216,0.0
24.0,284.74785332874194,2807.80488548296,22912.47956845853,4254.051269967336,14.171495704717973,27166.530838425868,3092.5527388117016,-1.9469469499133272,0.0
25.0,246.30689312936178,2613.374351530641,23036.81464137569,4224.272911077565,14.144162562926827,27261.087552453257,2859.681244660003,-1.9248327896213748,0.0
26.0,213.05546255689794,2430.0670451425704,23145.696179081777,4194.703000700022,14.117282464462003,27340.399179781798,2643.1225076994683,-1.898888722433119,0.0
27.0,184.29297511171671,2257.6204084947335,23240.041628607185,4165.340079695122,14.090830139434843,27405.381708302306,2441.91338360645,-1.869122436135589,0.0
28.0,159.41342347163496,2095.705819995476,23320.744570438506,4136.182699137256,14.064781798040501,27456.92726957576,2255.1192434671107,-1.8355427511218227,0.0
29.0,137.89261130296424,1943.9458288298008,23388.669732156406,4107.229420243296,14.039115084290518,27495.899152399703,2081.838440132765,-1.7981596177771983,0.0
30.0,119.27710877706407,1801.928381573153,23444.64934775315,4078.4788143015926,14.01380902343592,27523.128162054745,1921.2054903502171,-1.7569841135309208,0.0
31.0,103.17469909216042,1669.2185027567932,23489.480625867767,4049.9294626014816,13.988843964961092,27539.41008846925,1772.3932018489536,-1.7120284395735386,0.0
32.0,89.24611471471877,1545.3678243405452,23523.92412665328,4021.5799563632713,13.96420152269058,27545.504083016553,1634.613939055264,-1.663305917241466,0.0
33.0,77.19788922823173,1429.9223015319865,23548.702878172862,3993.4288966687286,13.939864513265443,27542.13177484159,1507.1201907602183,-1.610830984069592,0.0
34.0,66.77617418242045,1322.4284029830874,23564.502089854937,3965.4748943920476,13.9158168940051,27529.976984246983,1389.2045771655078,-1.5546191895131134,0.0
35.0,57.76139066779369,1222.4380209730448,23571.96934326345,3937.7165701313033,13.892043700968292,27509.68591339475,1280.1994116408384,-1.49468719033991,0.0
36.0,49.963602927641546,1129.5123107806503,23571.7151598114,3910.1525541403844,13.868530987857055,27481.867713951782,1179.475913708292,-1.4310527456947728,0.0
37.0,43.218516532409936,1043.22463722496,23564.313861539897,3882.781486261402,13.845265766265747,27447.0953478013,1086.4431537573698,-1.3637347118369956,0.0
38.0,37.384016800534596,963.1627795880818,23550.304655111042,3855.602015857572,13.822235947658942,27405.906670968616,1000.5467963886164,-1.2927530365528543,0.0
39.0,32.33717453246243,888.9305232065096,23530.192881074297,3828.612801746569,13.799430287363842,27358.805682820865,921.2676977389721,-1.21812875324464,0.0
40.0,27.97165597058,820.1487463911495,23504.451380565886,3801.812512134343,13.776838330781814,27306.26389270023,848.1204023617295,-1.1398839746980285,0.0
41.0,24.195482414551698,756.4560945485048,23473.521940150633,3775.1998245494024,13.754450361956975,27248.721764700036,780.6515769630565,-1.0580418865295569,0.0
42.0,20.92909228858722,697.5093190276963,23437.816782739916,3748.7734257775564,13.732257354585283,27186.59020851747,718.4384113162835,-0.9726267403162492,0.0
43.0,18.103664829627945,642.9833459665007,23397.720078611088,3722.5320117971137,13.710250925503432,27120.2520904082,661.0870107961287,-0.8836638464093376,0.0
44.0,15.659670077628173,592.5711299583331,23353.58945567868,3696.474287714534,13.688423290661335,27050.063743393213,608.2308000359614,-0.7911795664342662,0.0
45.0,13.54561461714837,545.9833384560656,23305.757492468147,3670.5989677005323,13.666767223553709,26976.356460168678,559.5289530732139,-0.6952013054791628,0.0
46.0,11.71695664383334,502.9479052481545,23254.53318084105,3644.9047749266288,13.645276016064168,26899.437955767677,514.6648618919878,-0.5957575039741307,0.0
47.0,10.13516749691584,463.2094848986887,23200.203348521387,3619.3904415021425,13.623943441658085,26819.59379002353,473.3446523956045,-0.4928776292637273,0.0
48.0,8.766919884832202,426.52883457294905,23143.03403396566,3594.0547084116274,13.602763720847678,26737.088742377287,435.29575445778124,-0.3865921668751575,0.0
49.0,7.583385700379854,392.682145033923,23083.271808181566,3568.896325452746,13.581731488843365,26652.16813363431,400.26553073430284,-0.2769326114847583,0.0
50.0,6.559628630828574,361.46033867253755,23021.145039797604,3543.914051174577,13.560841765298987,26565.05909097218,368.0199673033661,-0.1639314575854378,0.0
51.0,5.674078765666716,332.6683491216794,22956.865101074764,3519.1066528163547,13.540089926054325,26475.971753891117,338.3424278873461,-0.0476221898578614,0.0
52.0,4.90807813230171,306.12439421241936,22890.627513679825,3494.4729062466404,13.51947167677616,26385.100419926464,311.03247234472104,0.071960726751783,0.0
53.0,4.245487584440979,281.65925168386275,22822.61303394914,3470.011595902914,13.49898302839844,26292.624629852053,285.90473926830373,0.1947818572444983,0.0
54.0,3.672346760541447,259.1155450901245,22752.988678096717,3445.7215147315937,13.478620274262697,26198.710192828312,262.78789185066597,0.3208048070686153,0.0
55.0,3.1765799478683516,238.3470457028089,22681.908688391264,3421.601464128473,13.458379968861411,26103.51015251974,241.52362565067727,0.4499922329043055,0.0
56.0,2.747741654906124,219.2179948367931,22609.515441768683,3397.6502538795735,13.438258908089308,26007.165695648255,221.96573649169923,0.5823058537292045,0.0
57.0,2.376796531493797,201.60244988971908,22535.94030268136,3373.8667021024166,13.418254110910466,25909.807004783775,203.97924642121288,0.717706462161896,0.0
58.0,2.0559289997421346,185.3836564459596,22461.30442223138,3350.2496351877,13.39836280235243,25811.55405741908,187.4395854457017,0.8561539360799184,0.0
59.0,1.7783785847769464,170.45344802362374,22385.719485807527,3326.797887741386,13.378582397742113,25712.517373548915,172.2318266084007,0.9976072505088088,0.0
60.0,1.5382974758320587,156.71167441247783,22309.288411558424,3303.5103025271965,13.358910488102083,25612.79871408562,158.2499718883099,1.1420244897786862,0.0
61.0,1.3306273165947307,144.06565903931923,22232.106002097764,3280.3857304095063,13.33934482662977,25512.49173250727,145.39628635591396,1.2893628599447826,0.0
62.0,1.150992628854442,132.42968538644163,22154.25955186163,3257.42303029664,13.319883316186088,25411.682582158268,133.5806780152961,1.4395787014681891,0.0
63.0,0.9956086239590924,121.72451216223611,22075.829412530064,3234.6210690845633,13.300523997723936,25310.450481614625,122.7201207861952,1.5926275021531389,0.0
64.0,0.8612014597246149,111.87691666694012,21996.88951889242,3211.9787216009713,13.281265039590956,25208.868240493393,112.73811812666473,1.7484639103369304,0.0
65.0,0.7449392626617919,102.8192655993833,21917.50787748354,3189.4948705497645,13.2621047276448,25107.0027480333,103.56420486204509,1.907041748328588,0.0
66.0,0.64437246220245,94.48911240234347,21837.74702025048,3167.1684064559163,13.243041456122835,25004.915426706397,95.13348486454592,2.068314026092329,0.0
67.0,0.5573821798051193,86.82882013638833,21757.664425431198,3144.998227610725,13.22407371921186,24902.662653041923,87.38620231619345,2.2322329551717086,0.0
68.0,0.4821355855314282,79.78520879769061,21677.312907739964,3122.9832400174496,13.205200103266868,24800.296147757414,80.26734438322204,2.3987499628503812,0.0
69.0,0.4170472814846854,73.30922594822508,21596.740979862672,3101.1223573373272,13.186419279631188,24697.8633372,73.72627322970976,2.5678157065452414,0.0
70.0,0.36074589848425287,67.35563950188299,21515.993187170006,3079.414500835966,13.167729998013522,24595.407688005973,67.71638540036724,2.739380088427694,0.0
71.0,0.3120452021888787,61.88275150307772,21435.11041745993,3057.8585993301144,13.149131080380366,24492.969016790044,62.1947967052666,2.913392270268723,0.0
72.0,0.2699190998933801,56.85213174175304,21354.130187444174,3036.4535891348037,13.130621415325187,24390.583776578977,57.12205084164642,3.0898006885033613,0.0
73.0,0.23348002140777377,52.228370067319176,21273.086907597608,3015.1984140108602,13.11219995287836,24288.28532160847,52.46185008872695,3.2685530695100766,0.0
74.0,0.2019602185177243,47.97884629140323,21192.01212689547,2994.092025112784,13.093865699724454,24186.104152008254,48.180806509920956,3.449596445100588,0.0
75.0,0.17469558901783153,44.073516603306835,21110.934758871845,2973.1333809369944,13.0756177147958,24084.068139808838,44.248212192324665,3.6328771682154706,0.0
76.0,0.15111168450042428,40.48471546097085,21029.881290344303,2952.3214472704353,13.057455105213512,23982.202737614738,40.63582714547127,3.8183409288209447,0.0
77.0,0.130711607092867,37.1869719626154,20948.87597406454,2931.6551971395425,13.039377022549223,23880.531171204082,37.31768356970827,4.005932770002104,0.0
78.0,0.11306554013532996,34.156839748872365,20867.9410064731,2911.1336107595657,13.021382659382787,23779.074617232665,34.269905289007696,4.195597104247847,0.0
79.0,0.09780169221706042,31.372739531193197,20787.09669165866,2890.755675484249,13.003471246132962,23677.852367142907,31.470541223410258,4.387277729922642,0.0
80.0,0.08459846376775726,28.814813388818735,20706.36159254827,2870.520385755859,12.985642048139852,23576.88197830413,28.899411852586493,4.580917847920296,0.0
81.0,0.07317767115911003,26.4647900230134,20625.75267028491,2850.426743055568,12.967894362979456,23476.179413340476,26.53796769417251,4.77646007849475,0.0
82.0,0.06329868555263017,24.305860203099883,20545.285412682464,2830.4737558541788,12.950227517992138,23375.759168536642,24.369158888652514,4.973846478262939,0.0
83.0,0.0547533630030251,22.322561683693856,20464.97395258582,2810.6604395631994,12.932640868008235,23275.63439214902,22.377315046696882,5.173018557374662,0.0
84.0,0.04736165899761671,20.50067291613585,20384.83117690499,2790.985816486257,12.915133793255269,23175.816993391247,20.548034575133467,5.373917296844395,0.0
85.0,0.04096783503293846,18.827114919227117,20304.868827037073,2771.4489157708535,12.89770569743243,23076.317742807925,18.868082754260055,5.576483166039882,0.0
86.0,0.03543717730349177,17.28986071483878,20225.097591338097,2752.0487733604577,12.880356005939127,22977.146364698554,17.325297892142274,5.780656140322351,0.0
87.0,0.03065315836752038,15.877851772670693,20145.5271902585,2732.7844319469345,12.863084164245347,22878.311622205434,15.908504931038214,5.986375718833108,0.0
88.0,0.026514981987905126,14.58092094532092,20066.16645471075,2713.654940923306,12.845889636392599,22779.821395634055,14.607435927308824,6.19358094242125,0.0
89.0,0.022935459419537934,13.389721409856579,19987.023398195393,2694.659356336843,12.828771903615037,22681.682754532238,13.412656869276116,6.402210411707169,0.0
90.0,0.019839172397900312,12.29566116524577,19908.1052831726,2675.7967408424847,12.811730463071182,22583.902024015086,12.31550033764367,6.6122023052765275,0.0
91.0,0.01716088412418377,11.290842666334989,19829.418682129544,2657.0661636565874,12.794764826677412,22486.48484578613,11.308003550459173,6.823494397999262,0.0
92.0,0.01484416476741896,10.368007204569992,19750.969533759973,2638.4667005109914,12.777874520035084,22389.436234270965,10.382851369337411,7.036024079468242,0.0
93.0,0.012840202523817401,9.520483673406916,19672.76319464067,2619.997433607414,12.7610590814438,22292.760628248085,9.533323875930733,7.249728372552083,0.0
94.0,0.011106775183102052,8.74214138240098,19594.804486760062,2601.6574515721622,12.744318060993894,22196.461938332224,8.753248157584082,7.464543952056628,0.0
95.0,0.009607360533383276,8.02734660835602,19517.09774122705,2583.4458494111573,12.727651019731791,22100.543590638208,8.036953968889403,7.680407163489569,0.0
96.0,0.008310366861376534,7.370922594738142,19439.646838462784,2565.361728465279,12.711057528892383,22005.008566928063,7.379232961599518,7.897254041922649,0.0
97.0,0.007188467335090702,6.768112731873035,19362.45524515468,2547.404196366022,12.694537169193023,21909.859441520704,6.775301199208126,8.115020330945848,0.0071887706841154
98.0,6.531705591987361,6.214546670332631,19007.36697256761,2648.2726733727854,12.632042899987004,21655.6396459404,12.746252262319992,8.33364150170795,0.0208525938567468
99.0,24.95549380829286,6.521895084415339,18656.182065435805,2735.1083552188775,12.576901468585179,21391.29042065468,31.4773888927082,8.553052772037827,0.0345657982523641
100.0,54.199343239028714,9.107038097767152,18309.180001208893,2809.101268161166,12.529461717472055,21118.281269370058,63.306381336795866,8.77318912564079,0.0483243203525494
101.0,93.312596922048,15.13587942002097,17966.71611620701,2871.3555677390686,12.48997173995728,20838.07168394608,108.44847634206897,8.993985331364344,0.0621240832102715
102.0,141.45561395499544,25.559976221252178,17629.20404122904,2922.8963843600554,12.458589948417332,20552.100425589095,167.01559017624763,9.215375962527558,0.0759609976579723
103.0,197.88467857489175,41.14797606750095,17297.100853254644,2964.676085915468,12.435395209402214,20261.77693917011,239.03265464239269,9.437295416308414,0.0898309635192758
104.0,261.93902846128174,62.51259208075561,16970.894559476503,2997.580000030332,12.420396132370584,19968.474559506834,324.45162054203735,9.659677933183348,0.1037298708239592
105.0,333.0297211976856,90.13374674872315,16651.093582281253,3022.431638151839,12.413539589620958,19673.525220433094,423.1634679464088,9.882457616413197,0.1176536010258247
106.0,410.6300971437974,124.37842803017307,16338.217959363752,3039.997462388673,12.414718536643072,19378.215421752426,535.0085251739705,10.10556845156984,0.131598028223115
107.0,494.26763067136824,165.5177266460605,16032.792012776275,3050.991234124218,12.4237791945849,19083.783246900493,659.7853573174287,10.328944326097702,0.1455590203811063
108.0,583.5169904300074,213.7414590278235,15735.338275138565,3056.0779811684333,12.440527649769827,18791.416256307,797.2584494578309,10.552519048904305,0.159532440556519
109.0,677.9941536009089,269.17072484198735,15426.963969682049,3075.2861392025543,12.464735919151817,18502.250108884604,947.1648784428962,10.776226369974149,0.1735141481233842
110.0,777.2927301230807,331.86870004543044,15099.872241767076,3115.554693569732,12.496753702761467,18215.426935336807,1109.161430168511,11.0,0.1875
111.0,880.995738335889,401.8425862686322,14755.488198740666,3173.9116287811257,12.537274939991919,17929.399827521793,1282.8383246045212,11.223773630025851,0.2014858518766157
112.0,988.6963355337142,479.046872454765,14395.292366616557,3247.627266201632,12.587050887483004,17642.91963281819,1467.7432079884793,11.447480951095695,0.2154675594434809
113.0,1099.9941065077817,563.3889206146081,14020.82403048482,3334.1826351328036,12.646868937498155,17355.006665617624,1663.3830271223896,11.671055673902298,0.2294409796188936
114.0,1214.4917973003796,654.733630046961,13633.682654699172,3431.243356683218,12.717533133663173,17064.92601138239,1869.2254273473407,11.89443154843016,0.2434019717768849
115.0,1331.7924566613428,752.9073111710459,13235.52726201598,3536.638539086316,12.799846178542245,16772.165801102296,2084.6997678323887,12.117542383586803,0.2573463989741752
116.0,1451.4969684354326,857.7008846847011,12828.073690184274,3648.3442040225473,12.894592797879733,16476.41789420682,2309.197853120134,12.340322066816652,0.2712701291760407
117.0,1573.2019795534243,968.8725101861143,12413.089679532219,3764.4707854019407,13.002524388149725,16177.560464934159,2542.0744897395384,12.562704583691586,0.2851690364807241
118.0,1696.4982501501681,1086.1497404496606,11992.38777978891,3883.2542612347556,13.12434492755919,15875.642041023666,2782.6479905998285,12.784624037472442,0.2990390023420276
119.0,1820.9694739320303,1209.231292981594,11567.816101664854,4003.050493269927,13.260698175942332,15570.866594934781,3030.200766913624,13.006014668635656,0.3128759167897285
120.0,1946.1916372098328,1337.7885289903747,11141.246980625478,4122.332356750125,13.412156226002038,15263.579337375602,3283.9801662002073,13.22681087435921,0.3266756796474506
121.0,2071.7330025359297,1471.4667310743155,10714.563668003366,4239.689243619559,13.579209496881434,14954.252911622925,3543.199733610245,13.446947227962172,0.3404342017476358
122.0,2197.154815776105,1609.886274191757,10289.645218431846,4353.828517373302,13.762258280739813,14643.473735805148,3807.041089967862,13.66635849829205,0.3541474061432531
123.0,2322.012841518768,1752.643789085753,9868.34980201307,4463.578487761807,13.961605963442338,14331.928289774878,4074.6566306045206,13.884979669054152,0.3678112293158845
124.0,2445.859828576237,1899.3134223235738,9452.496733246255,4567.892460759037,14.177454041229263,14020.389194005293,4345.17325089981,14.102745958077351,0.3814216223798344
125.0,2568.248992549842,2049.448301297557,9043.847574234474,4665.8534061813425,14.409899045972228,13709.700980415817,4617.697293847399,14.31959283651043,0.3949745522819019
126.0,2688.738573855986,2202.5823145292184,8644.086733888134,4756.67877524013,14.658931472207858,13400.765509128265,4891.320888385204,14.535456047943372,0.4084660029964607
127.0,2806.897485714334,2358.2323158786307,8254.80204378204,4839.7249966321515,14.924436769719884,13094.527040414192,5165.129801592964,14.750271627447916,0.4218919767154948
128.0,2922.312006926595,2515.9008541767116,7877.465840393996,4914.491186193798,15.206198426590241,12791.957026587794,5438.212861103307,14.96397592053176,0.4352484950332349
129.0,3034.5933999421836,2675.0795158349824,7513.417117667692,4980.621625237392,15.503903120436638,12494.038742905084,5709.672915777166,15.176505602000738,0.4485316001250461
130.0,3143.386248886578,2835.252945876659,7163.845328196633,5037.906599556634,15.817147861659253,12201.751927753267,5978.639194763236,15.387797694723472,0.461737355920217
131.0,3248.377220502256,2995.9035818060474,6829.776401270334,5086.281246979321,16.145448994200535,11916.057648249654,6244.2808023083035,15.59778958829283,0.4748618492683019
132.0,3349.3038614074258,3156.517094782411,6512.061508016966,5125.822137212144,16.488252859426083,11637.88364522911,6505.820956189837,15.80641905757875,0.4879011910986719
133.0,3445.96296797839,3316.5884846934723,6211.369035965485,5156.741402833366,16.84494787058372,11368.11043879885,6762.5514526718625,16.01362428116689,0.5008515175729307
134.0,3538.21801207865,3475.6287221370367,5928.180137712526,5179.3783519332555,17.214877692514523,11107.55848964578,7013.846734215687,16.21934385967765,0.5137089912298531
135.0,3626.0050882226487,3633.17177448718,5662.788093731501,5194.1886162699575,17.59735517754413,10856.976710001458,7259.176862709828,16.423516833960118,0.5264698021225074
136.0,3709.336874948246,3788.781799758946,5415.3015831381645,5201.731017119928,17.99167667718877,10617.032600258091,7498.1186747071915,16.626082703155603,0.5391301689472252
137.0,3788.304180398995,3942.0602463010705,5185.651796447846,5202.652455925865,18.39713633328965,10388.304252373711,7730.364426700065,16.82698144262534,0.5516863401640837
138.0,3863.0747686162526,4092.652564057819,4973.603161130859,5197.671249211887,18.813039953352206,10171.274410342747,7955.7273326740715,17.02615352173706,0.5641345951085663
139.0,3933.8893310002454,4240.2542193101135,4778.767295432051,5187.559417993954,19.238718093949796,9966.326713426006,8174.1435503103585,17.22353992150525,0.5764712450940781
140.0,4001.054662126635,4384.6157131032005,4600.619669899092,5173.124503212912,19.673538012461012,9773.744173112003,8385.670375229834,17.419082152079703,0.5886926345049814
141.0,4064.9343006118006,4525.546335526345,4438.518349607529,5155.191504960353,20.11691419919997,9593.709854567882,8590.480636138145,17.612722270077356,0.6007951418798347
142.0,4125.937081566203,4662.916442538546,4291.724121013778,5134.585531944711,20.568317266006293,9426.30965295849,8788.85352410475,17.804402895752155,0.6127751809845097
143.0,4184.504196056352,4796.658115326356,4159.421280168139,5112.115699791151,21.02728103948169,9271.53697995929,8981.162311382708,17.994067229997896,0.6246292018748685
144.0,4241.095448291486,4926.7641480778175,4040.7383742288266,5088.560736930299,21.493407782640823,9129.299111159125,9167.859596369304,18.181659071179055,0.636353691948691
145.0,4296.175433723251,5053.285400829416,3934.7682424828977,5064.656652527646,21.966371543037155,8999.424895010543,9349.460834552669,18.367122831784528,0.647945176986533
146.0,4350.2003302873445,5176.3266414384125,3840.5867896886734,5041.086701671368,22.4459196940388,8881.673491360041,9526.526971725758,18.55040355489941,0.6594002221812132
147.0,4403.605908224378,5296.041077098799,3757.270034409451,5018.473759201794,22.931872795220222,8775.743793611244,9699.646985323177,18.731446930489923,0.6707154331556202
148.0,4456.797235220655,5412.623835079907,3683.9090978521986,4997.375095000313,23.424122945184447,8681.284192852512,9869.421070300563,18.91019931149664,0.68188745696854
149.0,4510.14040047471,5526.304690685558,3619.622924395656,4978.279438578355,23.922630834081765,8597.902362974011,10036.445091160269,19.086607729731277,0.6929129831082048
150.0,4563.956421719865,5637.340356469503,3563.5686445085753,4961.606135429566,24.427421723348083,8525.174779938141,10201.296778189368,19.260619911572302,0.7037887444732691
151.0,4618.517349145242,5746.006641519869,3514.9495970881317,4947.706135189323,24.938580587477034,8462.655732277453,10364.523990665111,19.43218429345476,0.7145115183409225
152.0,4674.044451644923,5852.590766069281,3473.0211166922086,4936.8645129524575,25.456246648496805,8409.885629644667,10526.635217714203,19.60125003714962,0.7250781273218512
153.0,4730.708271335601,5957.384078996913,3437.0942593504496,4929.304208696608,25.98060752030923,8366.398468047057,10688.092350332514,19.76776704482829,0.7354854403017681
154.0,4788.630264713541,6060.675378749885,3406.5376883486833,4925.190672597707,26.51189315948872,8331.72836094639,10849.305643463425,19.93168597390767,0.7457303733692293
155.0,4847.8857122429345,6162.744986579952,3380.777969941058,4924.6371221109375,27.05036979386908,8305.415092051995,11010.630698822886,20.092958251671412,0.7558098907294633
156.0,4903.010718352176,6263.859669017423,3359.2985407971296,4927.710145703768,27.596333972429605,8287.008686500898,11166.8703873696,20.25153608966307,0.7657210056039419
157.0,4950.858759448803,6363.581351311172,3341.6376071641807,4934.435423921526,28.15015632314052,8276.073031085707,11314.440110759973,20.40737249784686,0.7754607811154288
158.0,4992.706020771898,6461.1145316925495,3327.3323690720044,4944.803377414717,28.712261149726032,8272.135746486721,11453.820552464447,20.56042129853181,0.7850263311582382
159.0,5029.609941333146,6555.888401500378,3315.896208613112,4958.768010262334,29.283084511175126,8274.664218875447,11585.498342833524,20.71063714005522,0.7944148212534512
160.0,5062.432428780446,6647.5110943517975,3306.8434637365954,4976.243061920339,29.863068417884776,8283.086525656934,11709.943523132242,20.857975510221316,0.8036234693888322
161.0,5091.863569140658,6735.730585219763,3299.707690870951,4997.10153585178,30.45265429510927,8296.809226722731,11827.59415436042,21.002392749491193,0.8126495468431996
162.0,5118.4449983737095,6820.401756496265,3294.0544581780005,5021.177736899534,31.05227613379495,8315.232195077533,11938.846754869974,21.14384606392008,0.821490378995005
163.0,5142.592270513618,6901.459083549246,3289.4896375461412,5048.2710728026905,31.662353672791525,8337.760710348832,12044.051354062864,21.282293537838104,0.8301433461148815
164.0,5164.615727229956,6978.894353980376,3285.664072595194,5078.150998438696,32.283285883758765,8363.815071033889,12143.510081210332,21.417694146270797,0.8386058841419248
165.0,5184.73953366246,7052.738820884959,3282.275400204131,5110.562598215149,32.91544496322811,8392.83799841928,12237.47835454742,21.550007767095693,0.8468754854434808
166.0,5203.118686998869,7123.0491976510375,3279.0677009962787,5145.23240843879,33.559170976667424,8424.30010943507,12326.167884649905,21.679195192931385,0.8549496995582115
167.0,5219.853922905797,7189.896926179868,3275.8295546916297,5181.874175257332,34.21476724769261,8457.703729948962,12409.750849085665,21.8052181427555,0.8628261339222187
168.0,5235.004539152095,7253.360187590665,3272.3909825374367,5220.19432420732,34.882496541860554,8492.585306744757,12488.36472674276,21.928039273248217,0.8705024545780136
169.0,5248.599226446569,7313.518170385903,3268.6196731261193,5259.896984858726,35.56257805846704,8528.516657984845,12562.117396832473,22.04762218985786,0.8779763868661163
170.0,5260.645045974434,7370.447162040879,3264.416810791715,5300.6884695061735,36.25518521493136,8565.105280297888,12631.092208015314,22.16393145758544,0.8852457160990899
171.0,5271.134724452976,7424.218082974335,3259.71275774436,5342.281149606056,36.96044418601944,8601.993907350416,12695.35280742731,22.27693261148476,0.8923082882177975
172.0,5280.052454074673,7474.895134425751,3254.462782010798,5384.396709069346,37.678433143631516,8638.859491080144,12754.947588500425,22.38659216687516,0.8991620104296973
173.0,5287.3783896972955,7522.535282095591,3248.642972680173,5426.768780910402,38.409182131439785,8675.411753590575,12809.913671792887,22.492877629263727,0.905804851828983
174.0,5293.092031994067,7567.188344236076,3242.2464413380158,5469.144994322718,39.15267350160336,8711.391435660735,12860.280376230143,22.59575750397413,0.9122348439983832
175.0,5297.17467549919,7608.897495419071,3235.2798732591573,5511.288474064388,39.9088428374364,8746.568347323544,12906.072170918262,22.695201305479163,0.9184500815924476
176.0,5299.611086644244,7647.7000350394455,3227.760463239798,5552.978844017237,40.67758028561928,8780.739307257034,12947.31112168369,22.791179566434263,0.9244487229021416
177.0,5300.39056063085,7683.628302614821,3219.713248188015,5594.012792747254,41.45873222372013,8813.72604093527,12984.01886324567,22.883663846409338,0.9302289904005836
178.0,5299.507488603858,7716.710650210232,3211.1688310724685,5634.204261558446,42.25210319287546,8845.373092630914,13016.21813881409,22.97262674031625,0.9357891712697656
179.0,5296.961549037533,7746.972406095415,3202.161477875912,5673.384315538407,43.05745803095215,8875.54579341432,13043.933955132947,23.05804188652956,0.9411276179080974
180.0,5292.757620221536,7774.436783379598,3192.7275601588412,5711.400756016668,43.874524147920475,8904.12831617551,13067.194403601134,23.13988397469803,0.9462427484186268
181.0,5286.9054947173645,7799.1257032688845,3182.904310082897,5748.1175292124535,44.70299389210436,8931.02183929535,13086.031197986249,23.21812875324464,0.95113304707779
182.0,5279.419461963364,7821.060515186912,3172.7288516831277,5783.413981096277,45.542526963098396,8956.142832779406,13100.479977150277,23.292753036552853,0.9557970647845532
183.0,5270.317812019519,7840.262605726635,3162.237471266118,5817.1840030334215,46.392752834167545,8979.42147429954,13110.580417746154,23.363734711836997,0.9602334194898124
184.0,5259.622301841923,7856.7538956830085,3151.4650905510102,5849.335106962621,47.253273153651094,9000.80019751363,13116.376197524933,23.43105274569477,0.9644407966059232
185.0,5247.357615464403,7870.557229651526,3140.4449081218136,5879.787462978864,48.123664101112155,9020.232371100677,13117.914845115929,23.49468719033991,0.9684179493962444
186.0,5233.550840987612,7881.696666232355,3129.2081775403803,5908.472926466375,49.00347867959388,9037.681104006755,13115.247507219967,23.55461918951311,0.9721636993445696
187.0,5218.230980239832,7890.197679083694,3117.78409375815,5935.334076542918,49.892248930297626,9053.118170301068,13108.428659323527,23.61083098406959,0.9756769365043496
188.0,5201.428501257675,7896.0872802118165,3106.1997629982156,5960.323282654999,50.78948806026044,9066.523045653215,13097.51578146949,23.663305917241463,0.9789566198275916
189.0,5183.174939201085,7899.394077220904,3094.4802348501507,5983.401811784627,51.69469247718643,9077.882046634779,13082.569016421989,23.712028439573537,0.982001777473346
190.0,5163.502547820469,7900.148275987173,3082.6485787720844,6004.538984931993,52.60734372851048,9087.187563704078,13063.650823807642,23.75698411353092,0.9848115070956824
191.0,5142.44400098824,7898.381639547321,3070.7259904167668,6023.711388331586,53.526910344094915,9094.437378748353,13040.82564053556,23.7981596177772,0.9873849761110748
192.0,5120.032141951427,7894.127413046398,3058.731916118624,6040.902142223287,54.45284958374205,9099.634058341911,13014.159554997825,23.83554275112182,0.9897214219451138
193.0,5096.299776723268,7887.420223490756,3046.684186457116,6056.100227896805,55.3846090920179,9102.784414353922,12983.720000214023,23.86912243613559,0.9918201522584744
194.0,5071.279507288713,7878.295961887499,3034.5991520336174,6069.299872106836,56.32162846379544,9103.899024140454,12949.575469176212,23.89888872243312,0.99368054515207
195.0,5045.003599943012,7866.791654190112,3022.491816469823,6080.499986758985,57.263340724509604,9102.991803228808,12911.795254133125,23.924832789621377,0.995302049351336
196.0,5017.503884019816,7852.945326358953,3010.375963174439,6089.7036609315555,58.20917372943508,9100.079624105994,12870.449210378769,23.946946949913325,0.9966841843695828
197.0,4988.811676414979,7836.795867817408,2998.264273660397,6096.917701764669,59.158551486411994,9095.181975425066,12825.607544232387,23.96522465040602,0.9978265406503763
198.0,4958.9577276077725,7818.382896659624,2986.168436161033,6102.152220458136,60.11089540640437,9088.32065661917,12777.340624267395,23.979660475022335,0.998728779688896
199.0,4927.972185268275,7797.74662915348,2974.099244027079,6105.420259520093,61.06562548612663,9079.519503547172,12725.718814421754,23.990250146115883,0.9993906341322428
200.0,4895.884571975599,7774.92775538521,2962.0666839233227,6106.737457452877,62.022161426751204,9068.8041413762,12670.812327360809,23.996990525738585,0.9998119078586614
201.0,4862.723774023706,7749.967322306371,2950.080014219134,6106.12174721064,62.979923692443855,9056.201761429773,12612.691096330076,23.99987961657047,0.9999924760356544
202.0,4828.518038735961,7722.906624962697,2938.1478342125447,6103.59308498127,63.93833451218689,9041.740919193815,12551.424663698657,23.998916562511592,0.9999322851569744
203.0,4793.294978129584,7693.787106298132,2926.2781449715394,6099.173206105895,64.89681882806008,9025.451351077434,12487.082084427715,23.994101648935647,0.999631353058478
204.0,4757.081577156049,7662.650265625291,2914.4784026431084,6092.8854052312845,65.85480519286737,9007.363807874393,12419.73184278134,23.985436302605436,0.9990897689128396
205.0,4719.904205087271,7629.53757562434,2902.755565091077,6084.754338077517,66.81172661973321,8987.509903168593,12349.441780711612,23.9729230912501,0.9983076932031312
206.0,4681.7886289175,7594.49040756487,2891.11613269467,6074.805842483429,67.767021386049,8965.921975178098,12276.27903648237,23.956565722804218,0.9972853576752634
207.0,4642.7600279076405,7557.549964329051,2879.5661840847574,6063.066776657681,68.72013379393232,8942.632960742438,12200.309992236693,23.936369044309068,0.9960230652693168
208.0,4602.843008614082,7518.757220739781,2868.1114075243295,6049.564872808422,69.6705148891674,8917.676280332751,12121.600229353862,23.912339040476382,0.994521190029774
209.0,4562.061619921463,7478.152870655936,2856.7571285619156,6034.328604546899,70.61762314042642,8891.085733108815,12040.214490577398,23.88448283191491,0.9927801769946818
210.0,4520.439367742028,7435.777280280844,2845.5083345072544,6017.3870666588655,71.5609250804238,8862.895401166119,11956.216648022872,23.852808673020427,0.9908005420637768
211.0,4477.99922915763,7391.670447133282,2834.3696962015606,5998.769866012584,72.49989591052966,8833.139562214144,11869.669676290912,23.817325949529796,0.9885828718456122
212.0,4434.763665868343,7345.871964147452,2823.345587482853,5978.507022524902,73.43402007025945,8801.852610007754,11780.635630015795,23.77804517573977,0.9861278234837356
213.0,4390.754636878107,7298.420988395069,2812.440102681602,5956.628879238851,74.36279177296413,8769.068981920453,11689.175625273176,23.73497799139137,0.9834361244619608
214.0,4345.993610396698,7249.356213955544,2801.6570724241114,5933.16602067977,75.28571550896514,8734.823093103882,11595.349824352243,23.68813715822079,0.9805085723887994
215.0,4300.501574971985,7198.715848496466,2791.0000779707448,5908.149198754048,76.2023065173095,8699.149276724793,11499.21742346845,23.637536556177796,0.9773460347611124
216.0,4254.299049889825,7146.537593164215,2780.472464273074,5881.60926553758,77.11209122726038,8662.081729810654,11400.83664305404,23.58319117931283,0.973949448707052
217.0,4207.406094893725,7092.85862542199,2770.0773518977308,5853.577112371797,78.01460767058597,8623.654464269528,11300.264720315714,23.525117131333936,0.970319820708371
218.0,4159.842319284546,7037.71558450875,2759.817647934519,5824.083614745675,78.90940586566259,8583.901262680194,11197.557903793295,23.463331620834857,0.9664582263021784
219.0,4111.626890463926,6981.144559226871,2749.6960559814447,5793.159582494085,79.79604817436609,8542.85563847553,11092.771449690797,23.397852956195795,0.9623658097622372
220.0,4062.7785419850825,6923.181077798199,2739.715085278995,5760.835714887655,80.67410963268743,8500.55080016665,10985.959619783282,23.32870054015823,0.9580437837598894
221.0,4013.3155811723677,6863.860099557482,2729.877059049502,5727.142560228244,81.54317825597269,8457.019619277746,10877.17568072985,23.25589486407547,0.9534934290047168
222.0,3963.25589636728,6803.216008278741,2720.1841220841306,5692.11047959829,82.40285531965544,8412.29460168242,10766.471904646021,23.17945750184061,0.948716093865038
223.0,3912.6169638541455,6741.282606954123,2710.6382476092945,5655.769614442432,83.25275561631807,8366.407862051727,10653.89957080827,23.099411103493733,0.9437131939683584
224.0,3861.4158545139785,6678.093113866188,2701.241243455614,5618.149857686802,84.09250768988967,8319.391101142415,10539.508968380167,23.015779388510214,0.9384862117818884
225.0,3809.6692402503318,6613.680159813705,2691.99475754546,5579.280828125675,84.92175404776025,8271.275585671134,10423.349400064037,22.928587138772116,0.9330366961732572
226.0,3757.393400226555,6548.075786367951,2682.9002827092568,5539.191847827288,85.74015135156415,8222.092130536545,10305.469186594506,22.837860191224813,0.9273662619515508
227.0,3704.6042269499353,6481.311445051511,2673.9591608357673,5497.911922330968,86.54737058736058,8171.871083166736,10185.915672001447,22.7436254302209,0.9214765893888062
228.0,3651.317232234735,6413.417997344879,2665.1725863572683,5455.469723426487,87.34309721591399,8120.642309783755,10064.735229579614,22.645910779553816,0.9153694237221136
229.0,3597.547553073288,6344.42571543789,2656.5416090666586,5411.893574324054,88.12703130375436,8068.435183390712,9941.973268511178,22.544745194183413,0.9090465746364632
230.0,3543.309957441991,6274.3642836534855,2648.067136259943,5367.21143703974,88.89888763567414,8015.278573299684,9817.674241095476,22.440158651655963,0.9025099157284976
231.0,3488.6188500672893,6203.262800480584,2639.749934194075,5321.450901836518,89.65839580929755,7961.200836030594,9691.881650547874,22.332182143221186,0.8957613839513239
232.0,3433.488278175526,6131.1497811611625,2631.59062884673,5274.639178575641,90.40530031233698,7906.229807422371,9564.638059336688,22.22084766464885,0.8888029790405532
233.0,3377.9319372498285,6058.053160784131,2623.589705961097,5226.803089846877,91.13936058313145,7850.392795807974,9435.98509803396,22.106188206747753,0.8816367629217345
234.0,3321.9631768169393,5984.000297845352,2615.747510355224,5177.969065759149,91.86035105504287,7793.716576114373,9305.96347466229,21.98823774558982,0.8742648590993638
235.0,3265.595006287105,5909.01797823937,2608.0642444716877,5128.163140285644,92.568061185268,7736.2273847573315,9174.612984526475,21.86703123244228,0.8666894520276425
236.0,3208.840100870742,5833.13241965411,2600.5399661394317,5077.410949069286,93.26229546860624,7677.950915208718,9041.972520524852,21.742604583410824,0.8589127864631765
237.0,3151.710807596569,5756.369276345135,2593.174585515434,5025.737728605903,93.94287343670696,7618.912314121337,8908.080083941704,21.61499466879691,0.8509371667998069
238.0,3094.2191514572846,5678.753644271047,2585.9678611693985,4973.168316733281,94.6096296433037,7559.136177902679,8772.972795728332,21.484239302172284,0.8427649563857678
239.0,3036.3768417105557,5600.310066576387,2578.9193952699356,4919.727154364881,95.26241363592759,7498.646549634817,8636.686908286942,21.350377229174008,0.8343985768233755
240.0,2978.195278365169,5521.062539412987,2572.028627825605,4865.438288417062,95.90108991457714,7437.466916242667,8499.257817778156,21.213448116023287,0.8258405072514554
241.0,2919.685558884616,5441.0345180951845,2565.2948299287805,4810.325375888563,96.52553787780766,7375.620205817344,8360.7200769798,21.07349253777153,0.8170932836107205
242.0,2860.8584851431588,5360.248923588733,2558.7170959445066,4754.411689060533,97.13565175668913,7313.128785005039,8221.107408731892,20.930551966277054,0.8081594978923161
243.0,2801.724570672579,5278.728149337628,2552.294334580306,4697.720121794737,97.73134053706833,7250.014456375043,8080.452720010207,20.78466875791611,0.7990417973697568
244.0,2742.294048241352,5196.494068437502,2546.025258766302,4640.273196916777,98.31252787055773,7186.29845568308,7938.788116678854,20.635886141031747,0.7897428838144842
245.0,2682.576877811942,5113.568041168753,2539.908374267929,4582.093074680203,98.87915197466019,7122.001448948133,7796.1449189806945,20.484248203124334,0.7802655126952711
246.0,2622.5827549263045,5029.97092290719,2533.941966945976,4523.201562316347,99.43116552242643,7057.143529262323,7652.553677833494,20.329799877787508,0.7706124923617192
247.0,2562.3211195745516,4945.723072434812,2528.124088570654,4463.6201246836645,99.96853552202852,6991.744213254318,7508.0441920093635,20.17258693139331,0.760786683212082
248.0,2501.8011656071153,4860.844360678318,2522.452541087795,4403.369896039297,100.4912431866205,6925.822437127092,7362.645526285432,20.01265594953071,0.7507909968456694
249.0,2441.0318507566676,4775.354179908252,2516.9248592261797,4342.471692964545,100.9992837948435,6859.396552190725,7216.38603066492,19.85005432320121,0.7406283952000756
250.0,2376.666506001656,4689.271453437275,2511.53829132526,4280.946028485029,101.49266654232012,6792.48431981029,7065.937959438932,19.684830234775937,0.7303018896734961
251.0,2309.047153743039,4602.1952206943515,2506.2897782522577,4218.813127435473,101.97144458308046,6725.1029056877305,6911.24237443739,19.51703264371811,0.7198145402323819
252.0,2238.7702368888563,4513.800121832271,2501.1436667922676,4156.092943128404,102.43568543869068,6657.236609920672,6752.5703587211265,19.34671127207533,0.709169454504708
253.0,2166.35802273075,4423.862006847118,2496.0412741679634,4092.8014354269653,102.88546794539529,6588.842709594928,6590.2200295778675,19.173916589745847,0.6983697868591154
254.0,2092.267505435383,4332.240372204448,2490.9110339988206,4028.94860950319,103.32088143290115,6519.85964350201,6424.507877639831,18.99869979952326,0.6874187374702037
255.0,2016.8989840572497,4238.863349122506,2485.675926563892,3964.5381153881413,103.74202474103774,6450.214041952033,6255.762333179756,18.821112821923993,0.6763195513702496
256.0,1940.6040306652608,4143.714993913088,2480.258791802626,3899.567850081555,104.14900527303939,6379.826641884181,6084.319024578348,18.64120827980215,0.6650755174876344
257.0,1863.6926900940814,4046.8246155525962,2474.586011241299,3834.031152858811,104.54193820094933,6308.617164100109,5910.517305646677,18.459039482756214,0.6536899676722636
258.0,1786.4398431656828,3948.25787754024,2468.589949681319,3767.9183003292633,104.92094587977222,6236.508250010582,5734.697720705923,18.274660411332295,0.6421662757082685
259.0,1709.0907274153983,3848.1094241220767,2462.2104675830196,3701.2180968208086,105.28615748671302,6163.428564403828,5557.200151537475,18.088125701028464,0.630507856314279
260.0,1631.8656502325864,3746.4968006882314,2455.3957489576605,3633.9194230042467,105.63770887549204,6089.315171961907,5378.3624509208175,17.899490626105134,0.6187181641315709
261.0,1554.9639543712474,3643.555461372461,2448.102635493946,3566.0126557589388,105.97574261963845,6014.115291252885,5198.519415743709,17.708811083206086,0.6068006927003804
262.0,1478.5673093422113,3539.434681333354,2440.296613876173,3497.4909088294685,106.30040820996771,5937.787522705641,5018.001990675565,17.516143574795084,0.5947589734246927
263.0,1402.8424076504102,3434.294215338052,2431.951568187912,3428.3510698911946,106.61186236793309,5860.302638079107,4837.1366229884625,17.32154519241297,0.5825965745258106
264.0,1327.9431447806987,3328.301567114736,2423.0493814781375,3358.5946277147764,106.91026943653824,5781.644009192914,4656.244711895435,17.125073599760228,0.5703170999850142
265.0,1254.0123582113154,3221.629754906385,2413.579448708576,3288.228295183225,107.19580181276224,5701.807743891801,4475.6421131177,16.926787015609964,0.5579241884756228
266.0,1181.1831949771793,3114.45547745393,2403.5381462906093,3217.264441537206,107.46864038907279,5620.802587827815,4295.63867243111,16.726744196556435,0.5454215122847772
267.0,1109.5801704424791,3006.957601173121,2392.9282903149774,3145.721351624804,107.72897497593961,5538.649641939781,4116.5377716156,16.525004419604205,0.5328127762252628
268.0,1039.3199736877268,2899.3159036130946,2381.7586055898414,3073.6233320469305,107.9770046818555,5455.381937636772,3938.6358773008214,16.321627464603075,0.5201017165376922
269.0,970.5120677485719,2791.7100205280644,2370.0432200819423,3001.0006846280667,108.21293823192471,5371.043904710009,3762.2220882766364,16.116673596534067,0.5072920997833792
270.0,903.2591261649,2684.3185542379906,2357.8011937699252,2927.889567133282,108.43699421039223,5285.690760903208,3587.5776804028906,15.910203547651545,0.4943877217282215
271.0,837.657341084617,2577.3183096037214,2345.0560868380526,2854.331759985518,108.64940121644793,5199.387846823571,3414.9756506883386,15.70227849948698,0.4813924062179362
272.0,773.7966326027425,2470.8836311063783,2331.8355692171203,2780.3743561928004,108.85039792618633,5112.209925409921,3244.680263709121,15.492960064719536,0.468310004044971
273.0,711.760784127042,2365.1858204026216,2318.1710714424144,2706.069389971794,109.04023305671585,5024.240461414209,3076.9466045296635,15.282310268918897,0.4551443918074309
274.0,651.6275243299538,2260.3926185162873,2304.0974754287795,2631.473417788451,109.21916523109458,4935.570893217231,2912.020142846241,15.07039153216575,0.4418994707603594
275.0,593.4685726314449,2156.6677406944664,2289.6528428900465,2556.647063818823,109.38746274504463,4846.2999067088695,2750.136313325911,14.85726665055538,0.4285791656597112
276.0,537.3496621030038,2054.1704550549657,2274.878178621779,2481.6545402201673,109.54540323829418,4756.532718841947,2591.5201171579693,14.642998777589806,0.4151874235993629
277.0,483.33055112717386,1953.0551986152614,2259.8172256205203,2406.5631511267147,109.69327327495041,4666.380376747235,2436.385749742435,14.427651405464092,0.4017282128415057
278.0,431.4650330265873,1853.4712262349847,2244.5162889515223,2331.442787961138,109.83136783855511,4575.959076912661,2284.936259261572,14.21128834625216,0.38820552164076
279.0,381.80095113015255,1755.5622895217498,2229.0240853415416,2256.3654224853885,109.9599897484527,4485.389507826931,2137.3632406519023,13.99397371299796,0.3746233570623725
280.0,334.3802253148259,1659.4663439252754,2213.391615619832,2181.404602998694,110.07944900484291,4394.796218618526,1993.8465692401014,13.775771900717348,0.3609857437948343
281.0,289.2388948973244,1565.315283144981,2197.6720573269813,2106.6349582166968,110.19006207042747,4304.307015543678,1854.5541780423055,13.556747567316494,0.3472967229572808
282.0,250.19164408618565,1473.2347006571924,2181.920675034727,2032.1317126215104,110.29215109692052,4214.052387656237,1723.4263447433782,13.33696561443231,0.3335603509020194
283.0,216.4157721345506,1383.8167364602803,2166.194746154648,1957.970216443838,110.38600904474026,4124.1649625984855,1600.232508594831,13.116491168200724,0.3197806980125451
284.0,187.19964289638625,1297.5021830286223,2150.589889309704,1884.2254929105732,110.4719362521255,4034.8153822202776,1484.7018259250085,12.895389559958376,0.3059618474973985
285.0,161.9276911053741,1214.6067672425565,2135.227354955102,1810.9733382070892,110.55023968986978,3946.200693162191,1376.5344583479307,12.673726306883555,0.2921078941802223
286.0,140.0674528061486,1135.3434050066267,2120.2442518919624,1738.2903972374088,110.6212322071484,3858.5346491293712,1275.4108578127752,12.451567092582035,0.2782229432863773
287.0,121.15834667731853,1059.8410115049294,2105.786122041039,1666.2535954420239,110.68523171418974,3772.039717483063,1180.999358182248,12.228977747623588,0.2643111092264743
288.0,104.80196987588053,988.1603681278442,2092.001384288689,1594.9392053043966,110.74256028130515,3686.940589593086,1092.9623380037247,12.00602423003502,0.2503765143771886
289.0,90.65370394263665,920.3074765118558,2079.0372573184195,1524.421747754061,110.7935431558905,3603.4590050724805,1010.9611804544925,11.782772605755309,0.2364232878597068
290.0,78.4154539103807,856.2447693135218,2067.0368445187296,1454.772868586949,110.83850771255518,3521.8097131056784,934.6602232239026,11.559289029058895,0.222455564316181
291.0,67.8293676324793,795.9004949508655,2056.1371241617608,1386.0602843401093,110.87778235890487,3442.19740850187,863.7298625833448,11.33563972295273,0.2084774826845455
292.0,58.6724030020946,739.1765484339508,2046.4676374280446,1318.3468576360349,110.9116954225232,3364.8144950640794,797.8489514360454,11.111890959552952,0.1944931849720595
293.0,50.75162859681183,685.9549815721235,2038.1497074400318,1251.6898363553635,110.9405740447382,3289.839543795395,736.7066101689354,10.888109040447056,0.1805068150279409
294.0,43.90015873624223,636.1033924256241,2031.2960558426157,1186.1402721304835,110.9647431048527,3217.436327973099,680.0035511618663,10.66436027704728,0.1665225173154549
295.0,37.97363730684953,589.4793651189398,2026.0107109289938,1121.7426200176435,110.98452419542912,3147.753330946637,627.4530024257894,10.440710970941106,0.1525444356838191
296.0,32.847196270424845,545.9341064090905,2022.3891239176317,1058.534511574852,111.000234665506,3080.9236354924838,578.7813026795154,10.217227394244691,0.1385767121402933
297.0,28.412824773917492,505.31540414861047,2016.9024553952856,1000.1626602019508,111.0121867446896,3017.0651155972364,533.7282289225279,9.993975769964978,0.1246234856228111
298.0,24.57709342943863,467.47001452086784,2008.9679869282063,946.9512783525743,111.02076787152525,2955.9192652807806,492.04710795030644,9.771022252376408,0.1106888907735255
299.0,21.259185816464417,432.2455692407227,1998.8101354217338,898.37323391001,111.02633874734899,2897.183369331744,453.50475505718714,9.548432907417972,0.0967770567136232
300.0,18.38919573124172,399.49208044921386,1986.6378213585103,853.9578837545957,111.02921519957894,2840.5957051131063,417.8812761804556,9.326273693116452,0.0828921058197782
301.0,15.906654307524088,369.0631094788181,1972.6453624866172,813.2847142855843,111.02967402708583,2785.9300767722016,384.9697637863422,9.104610440041633,0.069038152502602
302.0,13.759255976008337,340.81665575995544,1957.0133329068265,775.9777423967256,111.02795809032536,2732.991075303552,354.57591173596376,8.883508831799286,0.0552193019874553
303.0,11.901756419247212,314.6158136504678,1939.9093853887375,741.7005815028309,111.02428074476656,2681.6099668915685,326.517570069715,8.663034385567691,0.0414396490979807
304.0,10.29501930264884,290.32923769997,1921.489036048268,710.1520891276689,111.01882970286523,2631.641125175937,300.62425700261883,8.44325243268351,0.0277032770427193
305.0,8.905191696791245,267.83145063968817,1901.8964113720176,681.0625231757655,111.01177039838885,2582.958934547783,276.7366423364794,8.224228099282653,0.0140142562051658
306.0,7.7029908177244275,247.00302306861263,1881.2649581193893,654.1901433907932,111.00324891704865,2535.4551015101824,254.70601388633708,8.006026287002044,0.0003766429376277
307.0,6.66308705733163,227.7306492617457,1859.7181169717196,629.318202743123,110.99339454891667,2489.0363197148426,234.39373631907733,7.788711653747841,0.0
308.0,5.76357030459186,209.9071396466999,1869.7969867547363,624.9129753239212,110.99100038577016,2494.7099620786576,215.67070995129177,7.572348594535907,0.0
309.0,4.985488313471959,193.43134718679426,1878.4645018574636,620.5385844966537,110.98864409420122,2499.0030863541174,198.41683550026622,7.357001222410191,0.0
310.0,4.312447391153245,178.2080420910601,1885.8299782490178,616.1948144051771,110.98632340400658,2502.024792654195,182.52048948221335,7.1427333494446295,0.0
311.0,3.7302669933475565,164.1477468744174,1891.9949692661032,611.8814507043409,110.98403621431076,2503.876419970444,167.87801386776496,6.929608467834253,0.0
312.0,3.2266809492456363,151.1665417546432,1897.0537391486093,607.5982805494104,110.98178058146458,2504.65201969802,154.39322270388882,6.717689731081108,0.0
313.0,2.7910790210974756,139.18584864493775,1901.093719711603,603.3450925855645,110.97955470769872,2504.4388122971677,141.97692766603524,6.507039935280467,0.0
314.0,2.414283353249316,128.13220053743197,1904.1959485746747,599.1216769374656,110.97735693050225,2503.3176255121402,130.5464838906813,6.297721500513023,0.0
315.0,2.0883551005606584,117.93700183563698,1906.43548789864,594.9278251989034,110.97518571269437,2501.3633130975436,120.02535693619764,6.08979645234846,0.0
316.0,1.8064271619849697,108.53628414974911,1907.8818230113252,590.7633304225111,110.97303963315645,2498.645153433836,110.34271131173408,5.8833264034659365,0.0
317.0,1.5625594951169988,99.8704611896524,1908.599240653876,586.6279871095535,110.97091737819092,2495.2272277634293,101.4330206847694,5.678372535396925,0.0
318.0,1.3516139632762039,91.88408565215897,1908.6471868596952,582.5215911997866,110.96881773347356,2491.168778059482,93.23569961543518,5.474995580395799,0.0
319.0,1.1691460782339163,84.52561038068009,1908.0806047008841,578.443940061388,110.96673957656587,2486.524544762272,85.69475645891401,5.273255803443563,0.0
320.0,1.0113113576723376,77.74715555927284,1906.9502523113638,574.3948324809584,110.96468186995527,2481.3450847923223,78.75846691694518,5.073212984390032,0.0
321.0,0.874784324386572,71.50428327354915,1905.3030017297547,570.3740686535916,110.96264365459112,2475.6770703833463,72.37906759793572,4.874926400239769,0.0
322.0,0.7566884405943848,65.75578041514902,1903.1821192054163,566.3814501730164,110.96062404388624,2469.5635693784325,66.5124688557434,4.678454807587028,0.0
323.0,0.6545355011141428,60.46345061313611,1900.627527683606,562.4167800218054,110.95862221815428,2463.0443077054115,61.11798611425025,4.483856425204918,0.0
324.0,0.5661732084637335,55.59191563516077,1897.6760522354207,558.4798625616528,110.95663741945474,2456.1559147970734,56.1580888436245,4.291188916793916,0.0
325.0,0.4897398253211295,51.10842650533826,1894.3616492291837,554.5705035237212,110.95466894681874,2448.932152752905,51.59816633065939,4.1005093738948695,0.0
326.0,0.423624948902777,46.98268442748915,1890.7156200557545,550.6885099990551,110.95271615182993,2441.4041300548097,47.406309376391924,3.91187429897154,0.0
327.0,0.3664355808009021,43.18667147569615,1886.7668102238,546.8336904290617,110.95077843453629,2433.6005006528617,43.553107056497055,3.725339588667708,0.0
328.0,0.31696677739278034,39.69449091394116,1882.5417946348814,543.0058545960583,110.94885523966992,2425.54764923094,40.01145769133394,3.540960517243784,0.0
329.0,0.274176262444755,36.48221692855008,1878.0650498343373,539.2048136138859,110.9469460531532,2417.269863448223,36.756393190994835,3.3587917201978463,0.0
330.0,0.23716246701471308,33.527753497593686,1873.359114014119,535.4303799185888,110.94505039887093,2408.789493932708,33.7649159646084,3.178887178076005,0.0
331.0,0.2051455339677268,30.810702077129196,1868.4447355194159,531.6823672591586,110.94316783568956,2400.127102778574,31.015847611096923,3.0013002004767397,0.0
332.0,0.17745088688208369,28.312237752556502,1863.3410105832713,527.9605906883445,110.94129795470536,2391.3016012716157,28.489688639438587,2.826083410254151,0.0
333.0,0.1534950171530024,26.014993482149634,1858.0655109834427,524.2648665535261,110.93944037670497,2382.3303775369686,26.168488499302637,2.6532887279246733,0.0
334.0,0.13277318983734707,23.90295204710227,1852.6344022842895,520.5950124876514,110.9375947498227,2373.229414771941,24.03572523693962,2.482967356281895,0.0
335.0,0.11484880920930521,21.961345316588563,1847.0625532941604,516.9508474002379,110.93576074737983,2364.013400694398,22.07619412579787,2.315169765224068,0.0
336.0,0.099344219966049,20.176560436034585,1841.363637336106,513.3321914684362,110.93393806589253,2354.695828804542,20.275904656000634,2.1499456767987937,0.0
337.0,0.08593275027063238,18.53605255088597,1835.5502258972258,509.73886612815716,110.93212642323546,2345.289092025383,18.621985301156602,1.9873440504692963,0.0
338.0,0.07433182898409701,17.02826368569337,1829.6338751898588,506.1706940652601,110.93032555694951,2335.804569255119,17.102595514677468,1.8274130686066936,0.0
339.0,0.06429703207124392,15.642547408526887,1823.6252061264604,502.62749920680324,110.92853522268267,2326.2527053332637,15.70684444059813,1.6702001222124991,0.0
340.0,0.05561693274162599,14.369098922914167,1817.5339781795335,499.10910671235564,110.92675519275367,2316.643084891889,14.424715855655794,1.5157517968756622,0.0
341.0,0.04810864682150648,13.198890243129672,1811.369157568578,495.61534296536917,110.92498525482932,2306.984500533947,13.246998889951177,1.3641138589682562,0.0
342.0,0.0416139795006031,12.123610123295197,1805.1389801877751,492.14603556461157,110.92322521070642,2297.2850157523867,12.1652241027958,1.2153312420838915,0.0
343.0,0.03599609226802168,11.135608426016667,1798.8510096611237,488.7010133156593,110.92147487519037,2287.552022976783,11.171604518284688,1.0694480337229422,0.0
344.0,0.031136619811838753,10.227844631880343,1792.512190886019,485.28010622244966,110.91973407506298,2277.7922971084686,10.258981251692182,0.9265074622284716,0.0
345.0,0.02693317613724052,9.39384020682201,1786.1288994018503,481.8831454788925,110.91800264813233,2268.012044880743,9.42077338295925,0.7865518839767116,0.0
346.0,0.02329719735871305,8.627634559972591,1779.7069868970752,478.5099634605403,110.91628044235856,2258.2169503576156,8.650931757331305,0.6496227708259994,0.0
347.0,0.02015207571528679,7.923744339921599,1773.251823146408,475.1603937163165,110.91456731504934,2248.4122168627246,7.943896415636886,0.5157606978277194,0.0
348.0,0.017431545493723073,7.277125832307818,1766.768334649201,471.83427096030226,110.91286313211975,2238.6026056095034,7.294557377801541,0.3850053312030947,0.0
349.0,0.015078286852070457,6.68314023615547,1760.2610402207818,468.53143106358016,110.91116776741144,2228.792471284362,6.69821852300754,0.2573954165891763,0.0
350.0,0.013042718127040945,6.1375216103577035,1753.734083770372,465.2517110461351,110.90948110206631,2218.985794816507,6.150564328484744,0.1329687675577258,0.0
351.0,0.011281951179890417,5.636347295121203,1747.1912644822412,461.99494906881216,110.90780302395046,2209.1862135510532,5.6476292463010935,0.0117622544101756,0.0
352.0,0.00975888777060521,5.176010625995298,1740.63606460086,458.7609844253305,110.9061334271245,2199.3970490261904,5.185769513765903,-0.106188206747749,0.0
353.0,0.008441437921573508,4.7531957702985475,1734.0716750059946,455.5496575343532,110.90447221135632,2189.621332540348,4.761637208220121,-0.2208476646488506,0.0
354.0,0.007301843802161085,4.3648545273181325,1727.5010187498397,452.3608099316127,110.9028192816732,2179.8618286814526,4.372156371120294,-0.3321821432211838,0.0
355.0,0.006316094888869339,4.008184944593879,1720.9267727154033,449.19428426209146,110.90117454794985,2170.121056977495,4.014501039482748,-0.4401586516559632,0.0
356.0,0.005463422078871978,3.680611612917104,1714.3513875433566,446.0499242722568,110.89953792452978,2160.4013118156136,3.686075034995976,-0.5447451941834096,0.0
357.0,0.004725860098224261,3.3797675123879847,1707.7771059634076,442.92757480235105,110.8979093298771,2150.704680765759,3.384493372486209,-0.6459107795538159,0.0
358.0,0.004087868984963986,3.1034772910007855,1701.2059796558915,439.82708177873457,110.89628868625643,2141.0330614346262,3.1075651599857497,-0.7436254302208933,0.0
359.0,0.003536006671993848,2.8497418657842264,1694.6398847596527,436.74829220628345,110.89467591943874,2131.388176965936,2.8532778724562204,-0.8378601912248111,0.0
360.0,0.0030586457712746787,2.616724244536672,1688.0805361333666,433.6910541608395,110.8930709584308,2121.7715902942064,2.6197828903079463,-0.928587138772114,0.0
361.0,0.002645728592152597,2.402736473686423,1681.5295004691823,430.6552167817136,110.89147373522657,2112.184717250896,2.4053822022785756,-1.0157793885102144,0.0
362.0,0.0022885552322119964,2.2062276248007464,1674.9882083498967,427.6406302642416,110.88988418457868,2102.628838614138,2.2085161800329582,-1.0994111034937308,0.0
363.0,0.001979600275863377,2.025772738788404,1668.4579653337894,424.64714585239193,110.88830224378832,2093.105111186181,2.0277523390642673,-1.1794575018406093,0.0
364.0,0.0017123542386218212,1.8600626529144524,1661.9399621446687,421.67461583142517,110.88672785251217,2083.6145779760936,1.8617750071530743,-1.2558948640754686,0.0
365.0,0.0014811864164078754,1.7078946413978269,1655.4352840386218,418.72289352060517,110.88516095258491,2074.158177559227,1.7093758278142348,-1.3287005401582306,0.0
