K,hives_per_acre,daily_food_per_hive_g,food_ratio,visits_per_flower,yield_ratio,gross_usd,rent_usd,net_profit_usd,nectar_store_index,brood_survival,hive_health,acres,area_m2,n_trees,n_flowers,orchard_daily_nectar_g,nectar_g_per_flower_lifetime,max_foraging_capacity_g_day,commercial_foragers,mean_F_bloom_sim,rent_usd_per_hive,in_golden_band
5.0,0.25,3500.0,1.0,1.75,0.4117647058823529,28823.529411764706,1000.0,27823.529411764706,1.0,0.95,0.975,20.0,81000.0,2200.0,55000000.0,147000.0,0.09354545454545454,3500.0,10000.0,917.8937393031007,200.0,False
6.0,0.3,3500.0,1.0,2.1,0.4565217391304348,31956.521739130436,1200.0,30756.521739130436,1.0,0.95,0.975,20.0,81000.0,2200.0,55000000.0,147000.0,0.09354545454545454,3500.0,10000.0,917.8937393031007,200.0,False
7.0,0.35,3500.0,1.0,2.45,0.494949494949495,34646.46464646465,1400.0,33246.46464646465,1.0,0.95,0.975,20.0,81000.0,2200.0,55000000.0,147000.0,0.09354545454545454,3500.0,10000.0,917.8937393031007,200.0,False
8.0,0.4,3500.0,1.0,2.8,0.5283018867924528,36981.132075471694,1600.0,35381.132075471694,1.0,0.95,0.975,20.0,81000.0,2200.0,55000000.0,147000.0,0.09354545454545454,3500.0,10000.0,917.8937393031007,200.0,False
9.0,0.45,3500.0,1.0,3.15,0.5575221238938053,39026.54867256637,1800.0,37226.54867256637,1.0,0.95,0.975,20.0,81000.0,2200.0,55000000.0,147000.0,0.09354545454545454,3500.0,10000.0,917.8937393031007,200.0,False
10.0,0.5,3500.0,1.0,3.5,0.5833333333333334,40833.333333333336,2000.0,38833.333333333336,1.0,0.95,0.975,20.0,81000.0,2200.0,55000000.0,147000.0,0.09354545454545454,3500.0,10000.0,917.8937393031007,200.0,False
11.0,0.55,3500.0,1.0,3.85,0.6062992125984252,42440.944881889765,2200.0,40240.944881889765,1.0,0.95,0.975,20.0,81000.0,2200.0,55000000.0,147000.0,0.09354545454545454,3500.0,10000.0,917.8937393031007,200.0,False
12.0,0.6,3500.0,1.0,4.2,0.6268656716417911,43880.59701492538,2400.0,41480.59701492538,1.0,0.95,0.975,20.0,81000.0,2200.0,55000000.0,147000.0,0.09354545454545454,3500.0,10000.0,917.8937393031007,200.0,False
13.0,0.65,3500.0,1.0,4.55,0.6453900709219859,45177.30496453901,2600.0,42577.30496453901,1.0,0.95,0.975,20.0,81000.0,2200.0,55000000.0,147000.0,0.09354545454545454,3500.0,10000.0,917.8937393031007,200.0,False
14.0,0.7,3500.0,1.0,4.9,0.6621621621621622,46351.35135135135,2800.0,43551.35135135135,1.0,0.95,0.975,20.0,81000.0,2200.0,55000000.0,147000.0,0.09354545454545454,3500.0,10000.0,917.8937393031007,200.0,False
15.0,0.75,3500.0,1.0,5.25,0.6774193548387096,47419.354838709674,3000.0,44419.354838709674,1.0,0.95,0.975,20.0,81000.0,2200.0,55000000.0,147000.0,0.09354545454545454,3500.0,10000.0,917.8937393031007,200.0,False
16.0,0.8,3500.0,1.0,5.6,0.691358024691358,48395.061728395056,3200.0,45195.061728395056,1.0,0.95,0.975,20.0,81000.0,2200.0,55000000.0,147000.0,0.09354545454545454,3500.0,10000.0,917.8937393031007,200.0,False
17.0,0.85,3500.0,1.0,5.95,0.7041420118343196,49289.94082840237,3400.0,45889.94082840237,1.0,0.95,0.975,20.0,81000.0,2200.0,55000000.0,147000.0,0.09354545454545454,3500.0,10000.0,917.8937393031007,200.0,False
18.0,0.9,3500.0,1.0,6.3,0.7159090909090908,50113.63636363636,3600.0,46513.63636363636,1.0,0.95,0.975,20.0,81000.0,2200.0,55000000.0,147000.0,0.09354545454545454,3500.0,10000.0,917.8937393031007,200.0,False
19.0,0.95,3500.0,1.0,6.65,0.726775956284153,50874.31693989071,3800.0,47074.31693989071,1.0,0.95,0.975,20.0,81000.0,2200.0,55000000.0,147000.0,0.09354545454545454,3500.0,10000.0,917.8937393031007,200.0,False
20.0,1.0,3500.0,1.0,7.0,0.7368421052631579,51578.94736842105,4000.0,47578.94736842105,1.0,0.95,0.975,20.0,81000.0,2200.0,55000000.0,147000.0,0.09354545454545454,3500.0,10000.0,917.8937393031007,200.0,True
21.0,1.05,3500.0,1.0,7.35,0.7461928934010152,52233.502538071065,4200.0,48033.502538071065,1.0,0.95,0.975,20.0,81000.0,2200.0,55000000.0,147000.0,0.09354545454545454,3500.0,10000.0,917.8937393031007,200.0,True
22.0,1.1,3500.0,1.0,7.7,0.7549019607843138,52843.137254901965,4400.0,48443.137254901965,1.0,0.95,0.975,20.0,81000.0,2200.0,55000000.0,147000.0,0.09354545454545454,3500.0,10000.0,917.8937393031007,200.0,True
23.0,1.15,3500.0,1.0,8.05,0.7630331753554502,53412.32227488152,4600.0,48812.32227488152,1.0,0.95,0.975,20.0,81000.0,2200.0,55000000.0,147000.0,0.09354545454545454,3500.0,10000.0,917.8937393031007,200.0,True
24.0,1.2,3500.0,1.0,8.4,0.7706422018348624,53944.95412844037,4800.0,49144.95412844037,1.0,0.95,0.975,20.0,81000.0,2200.0,55000000.0,147000.0,0.09354545454545454,3500.0,10000.0,917.8937393031007,200.0,True
25.0,1.25,3500.0,1.0,8.75,0.7777777777777778,54444.444444444445,5000.0,49444.444444444445,1.0,0.95,0.975,20.0,81000.0,2200.0,55000000.0,147000.0,0.09354545454545454,3500.0,10000.0,917.8937393031007,200.0,True
26.0,1.3,3500.0,1.0,9.1,0.7844827586206896,54913.793103448275,5200.0,49713.793103448275,1.0,0.95,0.975,20.0,81000.0,2200.0,55000000.0,147000.0,0.09354545454545454,3500.0,10000.0,917.8937393031007,200.0,True
27.0,1.35,3500.0,1.0,9.45,0.7907949790794979,55355.648535564855,5400.0,49955.648535564855,1.0,0.95,0.975,20.0,81000.0,2200.0,55000000.0,147000.0,0.09354545454545454,3500.0,10000.0,917.8937393031007,200.0,True
28.0,1.4,3500.0,1.0,9.8,0.7967479674796748,55772.35772357724,5600.0,50172.35772357724,1.0,0.95,0.975,20.0,81000.0,2200.0,55000000.0,147000.0,0.09354545454545454,3500.0,10000.0,917.8937393031007,200.0,True
29.0,1.45,3500.0,1.0,10.15,0.8023715415019763,56166.00790513834,5800.0,50366.00790513834,1.0,0.95,0.975,20.0,81000.0,2200.0,55000000.0,147000.0,0.09354545454545454,3500.0,10000.0,917.8937393031007,200.0,True
30.0,1.5,3500.0,1.0,10.5,0.8076923076923077,56538.46153846154,6000.0,50538.46153846154,1.0,0.95,0.975,20.0,81000.0,2200.0,55000000.0,147000.0,0.09354545454545454,3500.0,10000.0,917.8937393031007,200.0,True
31.0,1.55,3500.0,1.0,10.85,0.8127340823970037,56891.38576779026,6200.0,50691.38576779026,1.0,0.95,0.975,20.0,81000.0,2200.0,55000000.0,147000.0,0.09354545454545454,3500.0,10000.0,917.8937393031007,200.0,True
32.0,1.6,3500.0,1.0,11.2,0.8175182481751825,57226.277372262775,6400.0,50826.277372262775,1.0,0.95,0.975,20.0,81000.0,2200.0,55000000.0,147000.0,0.09354545454545454,3500.0,10000.0,917.8937393031007,200.0,True
33.0,1.65,3500.0,1.0,11.55,0.8220640569395018,57544.483985765124,6600.0,50944.483985765124,1.0,0.95,0.975,20.0,81000.0,2200.0,55000000.0,147000.0,0.09354545454545454,3500.0,10000.0,917.8937393031007,200.0,True
34.0,1.7,3500.0,1.0,11.9,0.8263888888888888,57847.22222222222,6800.0,51047.22222222222,1.0,0.95,0.975,20.0,81000.0,2200.0,55000000.0,147000.0,0.09354545454545454,3500.0,10000.0,917.8937393031007,200.0,True
35.0,1.75,3500.0,1.0,12.25,0.8305084745762712,58135.59322033898,7000.0,51135.59322033898,1.0,0.95,0.975,20.0,81000.0,2200.0,55000000.0,147000.0,0.09354545454545454,3500.0,10000.0,917.8937393031007,200.0,True
36.0,1.8,3500.0,1.0,12.6,0.8344370860927153,58410.59602649007,7200.0,51210.59602649007,1.0,0.95,0.975,20.0,81000.0,2200.0,55000000.0,147000.0,0.09354545454545454,3500.0,10000.0,917.8937393031007,200.0,True
37.0,1.85,3500.0,1.0,12.95,0.8381877022653722,58673.13915857606,7400.0,51273.13915857606,1.0,0.95,0.975,20.0,81000.0,2200.0,55000000.0,147000.0,0.09354545454545454,3500.0,10000.0,917.8937393031007,200.0,True
38.0,1.9,3500.0,1.0,13.3,0.8417721518987342,58924.05063291139,7600.0,51324.05063291139,1.0,0.95,0.975,20.0,81000.0,2200.0,55000000.0,147000.0,0.09354545454545454,3500.0,10000.0,917.8937393031007,200.0,True
39.0,1.95,3500.0,1.0,13.65,0.845201238390093,59164.08668730651,7800.0,51364.08668730651,1.0,0.95,0.975,20.0,81000.0,2200.0,55000000.0,147000.0,0.09354545454545454,3500.0,10000.0,917.8937393031007,200.0,True
40.0,2.0,3500.0,1.0,14.0,0.8484848484848485,59393.93939393939,8000.0,51393.93939393939,1.0,0.95,0.975,20.0,81000.0,2200.0,55000000.0,147000.0,0.09354545454545454,3500.0,10000.0,917.8937393031007,200.0,True
41.0,2.05,3500.0,1.0,14.35,0.8516320474777447,59614.243323442126,8200.0,51414.243323442126,1.0,0.95,0.975,20.0,81000.0,2200.0,55000000.0,147000.0,0.09354545454545454,3500.0,10000.0,917.8937393031007,200.0,False
42.0,2.1,3500.0,1.0,14.7,0.8546511627906976,59825.58139534883,8400.0,51425.58139534883,1.0,0.95,0.975,20.0,81000.0,2200.0,55000000.0,147000.0,0.09354545454545454,3500.0,10000.0,917.8937393031007,200.0,False
43.0,2.15,3418.6046511627906,0.9767441860465116,14.7,0.8546511627906976,59825.58139534883,8600.0,51225.58139534883,0.9767441860465116,0.9360465116279069,0.9563953488372092,20.0,81000.0,2200.0,55000000.0,147000.0,0.09354545454545454,3500.0,10000.0,917.8937393031007,200.0,False
44.0,2.2,3340.909090909091,0.9545454545454546,14.7,0.8546511627906976,59825.58139534883,8800.0,51025.58139534883,0.9545454545454546,0.9227272727272727,0.9386363636363637,20.0,81000.0,2200.0,55000000.0,147000.0,0.09354545454545454,3500.0,10000.0,917.8937393031007,200.0,False
45.0,2.25,3266.6666666666665,0.9333333333333332,14.699999999999998,0.8546511627906977,59825.58139534884,9000.0,50825.58139534884,0.9333333333333332,0.9099999999999999,0.9216666666666666,20.0,81000.0,2200.0,55000000.0,147000.0,0.09354545454545454,3500.0,10000.0,917.8937393031007,200.0,False
46.0,2.3,3195.6521739130435,0.9130434782608696,14.7,0.8546511627906976,59825.58139534883,9200.0,50625.58139534883,0.9130434782608696,0.8978260869565218,0.9054347826086957,20.0,81000.0,2200.0,55000000.0,147000.0,0.09354545454545454,3500.0,10000.0,917.8937393031007,200.0,False
47.0,2.35,3127.659574468085,0.8936170212765957,14.7,0.8546511627906976,59825.58139534883,9400.0,50425.58139534883,0.8936170212765957,0.8861702127659574,0.8898936170212766,20.0,81000.0,2200.0,55000000.0,147000.0,0.09354545454545454,3500.0,10000.0,917.8937393031007,200.0,False
48.0,2.4,3062.5,0.875,14.7,0.8546511627906976,59825.58139534883,9600.0,50225.58139534883,0.875,0.875,0.875,20.0,81000.0,2200.0,55000000.0,147000.0,0.09354545454545454,3500.0,10000.0,917.8937393031007,200.0,False
49.0,2.45,3000.0,0.8571428571428571,14.7,0.8546511627906976,59825.58139534883,9800.0,50025.58139534883,0.8571428571428571,0.8642857142857142,0.8607142857142857,20.0,81000.0,2200.0,55000000.0,147000.0,0.09354545454545454,3500.0,10000.0,917.8937393031007,200.0,False
50.0,2.5,2940.0,0.84,14.7,0.8546511627906976,59825.58139534883,10000.0,49825.58139534883,0.84,0.854,0.847,20.0,81000.0,2200.0,55000000.0,147000.0,0.09354545454545454,3500.0,10000.0,917.8937393031007,200.0,False
51.0,2.55,2882.3529411764707,0.823529411764706,14.700000000000003,0.8546511627906977,59825.58139534884,10200.0,49625.58139534884,0.823529411764706,0.8441176470588235,0.8338235294117647,20.0,81000.0,2200.0,55000000.0,147000.0,0.09354545454545454,3500.0,10000.0,917.8937393031007,200.0,False
52.0,2.6,2826.923076923077,0.8076923076923077,14.7,0.8546511627906976,59825.58139534883,10400.0,49425.58139534883,0.8076923076923077,0.8346153846153845,0.8211538461538461,20.0,81000.0,2200.0,55000000.0,147000.0,0.09354545454545454,3500.0,10000.0,917.8937393031007,200.0,False
53.0,2.65,2773.5849056603774,0.7924528301886793,14.7,0.8546511627906976,59825.58139534883,10600.0,49225.58139534883,0.7924528301886793,0.8254716981132075,0.8089622641509434,20.0,81000.0,2200.0,55000000.0,147000.0,0.09354545454545454,3500.0,10000.0,917.8937393031007,200.0,False
54.0,2.7,2722.222222222222,0.7777777777777778,14.7,0.8546511627906976,59825.58139534883,10800.0,49025.58139534883,0.7777777777777778,0.8166666666666667,0.7972222222222223,20.0,81000.0,2200.0,55000000.0,147000.0,0.09354545454545454,3500.0,10000.0,917.8937393031007,200.0,False
55.0,2.75,2672.7272727272725,0.7636363636363636,14.699999999999998,0.8546511627906977,59825.58139534884,11000.0,48825.58139534884,0.7636363636363636,0.8081818181818181,0.7859090909090909,20.0,81000.0,2200.0,55000000.0,147000.0,0.09354545454545454,3500.0,10000.0,917.8937393031007,200.0,False
56.0,2.8,2625.0,0.75,14.7,0.8546511627906976,59825.58139534883,11200.0,48625.58139534883,0.75,0.7999999999999999,0.7749999999999999,20.0,81000.0,2200.0,55000000.0,147000.0,0.09354545454545454,3500.0,10000.0,917.8937393031007,200.0,False
57.0,2.85,2578.9473684210525,0.7368421052631579,14.7,0.8546511627906976,59825.58139534883,11400.0,48425.58139534883,0.7368421052631579,0.7921052631578946,0.7644736842105262,20.0,81000.0,2200.0,55000000.0,147000.0,0.09354545454545454,3500.0,10000.0,917.8937393031007,200.0,False
58.0,2.9,2534.4827586206898,0.7241379310344828,14.7,0.8546511627906976,59825.58139534883,11600.0,48225.58139534883,0.7241379310344828,0.7844827586206896,0.7543103448275862,20.0,81000.0,2200.0,55000000.0,147000.0,0.09354545454545454,3500.0,10000.0,917.8937393031007,200.0,False
59.0,2.95,2491.5254237288136,0.711864406779661,14.7,0.8546511627906976,59825.58139534883,11800.0,48025.58139534883,0.711864406779661,0.7771186440677966,0.7444915254237288,20.0,81000.0,2200.0,55000000.0,147000.0,0.09354545454545454,3500.0,10000.0,917.8937393031007,200.0,False
60.0,3.0,2450.0,0.7,14.7,0.8546511627906976,59825.58139534883,12000.0,47825.58139534883,0.7,0.77,0.735,20.0,81000.0,2200.0,55000000.0,147000.0,0.09354545454545454,3500.0,10000.0,917.8937393031007,200.0,False
