scenario,n_agents,hazard_mode,run_id,seed,ignite_node,success,deadlock,n_steps,t_clear,vulnerable_success_rate,redundancy_rate,n_rooms_cleared,n_rooms_total
office,2,clear,0,104025,,1,0,135,135.0000,1.000000,0.000000,6,6
office,2,clear,1,104026,,1,0,135,135.0000,1.000000,0.000000,6,6
office,2,clear,2,104027,,1,0,135,135.0000,1.000000,0.000000,6,6
office,2,clear,3,104028,,1,0,135,135.0000,1.000000,0.000000,6,6
office,2,clear,4,104029,,1,0,135,135.0000,1.000000,0.000000,6,6
office,2,clear,5,104030,,1,0,135,135.0000,1.000000,0.000000,6,6
office,2,clear,6,104031,,1,0,135,135.0000,1.000000,0.000000,6,6
office,2,clear,7,104032,,1,0,135,135.0000,1.000000,0.000000,6,6
office,2,clear,8,104033,,1,0,135,135.0000,1.000000,0.000000,6,6
office,2,clear,9,104034,,1,0,135,135.0000,1.000000,0.000000,6,6
office,2,clear,10,104035,,1,0,135,135.0000,1.000000,0.000000,6,6
office,2,clear,11,104036,,1,0,135,135.0000,1.000000,0.000000,6,6
office,2,clear,12,104037,,1,0,135,135.0000,1.000000,0.000000,6,6
office,2,clear,13,104038,,1,0,135,135.0000,1.000000,0.000000,6,6
office,2,clear,14,104039,,1,0,135,135.0000,1.000000,0.000000,6,6
office,2,clear,15,104040,,1,0,135,135.0000,1.000000,0.000000,6,6
office,2,clear,16,104041,,1,0,135,135.0000,1.000000,0.000000,6,6
office,2,clear,17,104042,,1,0,135,135.0000,1.000000,0.000000,6,6
office,2,clear,18,104043,,1,0,135,135.0000,1.000000,0.000000,6,6
office,2,clear,19,104044,,1,0,135,135.0000,1.000000,0.000000,6,6
office,2,clear,20,104045,,1,0,135,135.0000,1.000000,0.000000,6,6
office,2,clear,21,104046,,1,0,135,135.0000,1.000000,0.000000,6,6
office,2,clear,22,104047,,1,0,135,135.0000,1.000000,0.000000,6,6
office,2,clear,23,104048,,1,0,135,135.0000,1.000000,0.000000,6,6
office,2,clear,24,104049,,1,0,135,135.0000,1.000000,0.000000,6,6
office,2,clear,25,104050,,1,0,135,135.0000,1.000000,0.000000,6,6
office,2,clear,26,104051,,1,0,135,135.0000,1.000000,0.000000,6,6
office,2,clear,27,104052,,1,0,135,135.0000,1.000000,0.000000,6,6
office,2,clear,28,104053,,1,0,135,135.0000,1.000000,0.000000,6,6
office,2,clear,29,104054,,1,0,135,135.0000,1.000000,0.000000,6,6
office,2,smoke,0,104125,S1,0,1,54,54.0000,0.166667,0.000000,1,6
office,2,smoke,1,104126,H3,0,1,42,42.0000,0.166667,0.000000,1,6
office,2,smoke,2,104127,H1,0,1,42,42.0000,0.166667,0.000000,1,6
office,2,smoke,3,104128,S2,0,1,50,50.0000,0.333333,0.000000,2,6
office,2,smoke,4,104129,N1,0,1,42,42.0000,0.166667,0.000000,1,6
office,2,smoke,5,104130,H3,0,1,42,42.0000,0.166667,0.000000,1,6
office,2,smoke,6,104131,N2,0,1,56,56.0000,0.333333,0.000000,2,6
office,2,smoke,7,104132,N3,0,1,43,43.0000,0.333333,0.000000,2,6
office,2,smoke,8,104133,H1,0,1,16,16.0000,0.000000,0.000000,0,6
office,2,smoke,9,104134,N2,0,1,11,11.0000,0.000000,0.000000,0,6
office,2,smoke,10,104135,H2,0,1,13,13.0000,0.000000,0.000000,0,6
office,2,smoke,11,104136,S1,0,1,51,51.0000,0.166667,0.000000,1,6
office,2,smoke,12,104137,S2,0,1,87,87.0000,0.666667,0.000000,4,6
office,2,smoke,13,104138,N1,0,1,87,87.0000,0.500000,0.000000,3,6
office,2,smoke,14,104139,H3,0,1,13,13.0000,0.000000,0.000000,0,6
office,2,smoke,15,104140,N2,0,1,58,58.0000,0.333333,0.000000,2,6
office,2,smoke,16,104141,N3,0,1,53,53.0000,0.166667,0.000000,1,6
office,2,smoke,17,104142,H1,0,1,17,17.0000,0.000000,0.000000,0,6
office,2,smoke,18,104143,S2,0,1,14,14.0000,0.000000,0.000000,0,6
office,2,smoke,19,104144,H1,0,1,17,17.0000,0.000000,0.000000,0,6
office,2,smoke,20,104145,S3,0,1,42,42.0000,0.166667,0.000000,1,6
office,2,smoke,21,104146,H2,0,1,5,5.0000,0.000000,0.000000,0,6
office,2,smoke,22,104147,S1,0,1,87,87.0000,0.500000,0.000000,3,6
office,2,smoke,23,104148,N3,0,1,15,15.0000,0.000000,0.000000,0,6
office,2,smoke,24,104149,S2,0,1,56,56.0000,0.333333,0.000000,2,6
office,2,smoke,25,104150,H1,0,1,11,11.0000,0.000000,0.000000,0,6
office,2,smoke,26,104151,S2,0,1,87,87.0000,0.500000,0.000000,3,6
office,2,smoke,27,104152,S3,0,1,44,44.0000,0.166667,0.000000,1,6
office,2,smoke,28,104153,N2,0,1,42,42.0000,0.333333,0.000000,2,6
office,2,smoke,29,104154,N2,0,1,50,50.0000,0.333333,0.000000,2,6
daycare,2,clear,0,204025,,1,0,439,439.0000,1.000000,0.000000,18,18
daycare,2,clear,1,204026,,1,0,439,439.0000,1.000000,0.000000,18,18
daycare,2,clear,2,204027,,1,0,439,439.0000,1.000000,0.000000,18,18
daycare,2,clear,3,204028,,1,0,439,439.0000,1.000000,0.000000,18,18
daycare,2,clear,4,204029,,1,0,439,439.0000,1.000000,0.000000,18,18
daycare,2,clear,5,204030,,1,0,439,439.0000,1.000000,0.000000,18,18
daycare,2,clear,6,204031,,1,0,439,439.0000,1.000000,0.000000,18,18
daycare,2,clear,7,204032,,1,0,439,439.0000,1.000000,0.000000,18,18
daycare,2,clear,8,204033,,1,0,439,439.0000,1.000000,0.000000,18,18
daycare,2,clear,9,204034,,1,0,439,439.0000,1.000000,0.000000,18,18
daycare,2,clear,10,204035,,1,0,439,439.0000,1.000000,0.000000,18,18
daycare,2,clear,11,204036,,1,0,439,439.0000,1.000000,0.000000,18,18
daycare,2,clear,12,204037,,1,0,439,439.0000,1.000000,0.000000,18,18
daycare,2,clear,13,204038,,1,0,439,439.0000,1.000000,0.000000,18,18
daycare,2,clear,14,204039,,1,0,439,439.0000,1.000000,0.000000,18,18
daycare,2,clear,15,204040,,1,0,439,439.0000,1.000000,0.000000,18,18
daycare,2,clear,16,204041,,1,0,439,439.0000,1.000000,0.000000,18,18
daycare,2,clear,17,204042,,1,0,439,439.0000,1.000000,0.000000,18,18
daycare,2,clear,18,204043,,1,0,439,439.0000,1.000000,0.000000,18,18
daycare,2,clear,19,204044,,1,0,439,439.0000,1.000000,0.000000,18,18
daycare,2,clear,20,204045,,1,0,439,439.0000,1.000000,0.000000,18,18
daycare,2,clear,21,204046,,1,0,439,439.0000,1.000000,0.000000,18,18
daycare,2,clear,22,204047,,1,0,439,439.0000,1.000000,0.000000,18,18
daycare,2,clear,23,204048,,1,0,439,439.0000,1.000000,0.000000,18,18
daycare,2,clear,24,204049,,1,0,439,439.0000,1.000000,0.000000,18,18
daycare,2,clear,25,204050,,1,0,439,439.0000,1.000000,0.000000,18,18
daycare,2,clear,26,204051,,1,0,439,439.0000,1.000000,0.000000,18,18
daycare,2,clear,27,204052,,1,0,439,439.0000,1.000000,0.000000,18,18
daycare,2,clear,28,204053,,1,0,439,439.0000,1.000000,0.000000,18,18
daycare,2,clear,29,204054,,1,0,439,439.0000,1.000000,0.000000,18,18
daycare,2,smoke,0,204125,F0_N2,0,1,42,42.0000,0.154472,0.000000,2,18
daycare,2,smoke,1,204126,F0_S3,0,1,48,48.0000,0.130081,0.000000,2,18
daycare,2,smoke,2,204127,F2_H1,0,1,42,42.0000,0.154472,0.000000,2,18
daycare,2,smoke,3,204128,F2_N3,0,1,57,57.0000,0.154472,0.000000,2,18
daycare,2,smoke,4,204129,F2_N1,0,1,87,87.0000,0.203252,0.000000,3,18
daycare,2,smoke,5,204130,F1_H3,0,1,42,42.0000,0.154472,0.000000,2,18
daycare,2,smoke,6,204131,F0_S2,0,1,42,42.0000,0.154472,0.000000,2,18
daycare,2,smoke,7,204132,F0_H1,0,1,42,42.0000,0.073171,0.000000,1,18
daycare,2,smoke,8,204133,F0_H3,0,1,42,42.0000,0.081301,0.000000,1,18
daycare,2,smoke,9,204134,F1_H2,0,1,49,49.0000,0.154472,0.000000,2,18
daycare,2,smoke,10,204135,F2_H2,0,1,94,94.0000,0.252033,0.000000,4,18
daycare,2,smoke,11,204136,F1_N3,0,1,60,60.0000,0.154472,0.000000,2,18
daycare,2,smoke,12,204137,F2_S1,0,1,87,87.0000,0.252033,0.000000,4,18
daycare,2,smoke,13,204138,F1_N3,0,1,44,44.0000,0.154472,0.000000,2,18
daycare,2,smoke,14,204139,F0_N1,0,1,87,87.0000,0.121951,0.000000,2,18
daycare,2,smoke,15,204140,F0_H3,0,1,62,62.0000,0.081301,0.000000,1,18
daycare,2,smoke,16,204141,F1_N1,0,1,87,87.0000,0.203252,0.000000,3,18
daycare,2,smoke,17,204142,F2_N1,0,1,52,52.0000,0.154472,0.000000,2,18
daycare,2,smoke,18,204143,F0_H3,0,1,12,12.0000,0.000000,0.000000,0,18
daycare,2,smoke,19,204144,F1_H3,0,1,44,44.0000,0.154472,0.000000,2,18
daycare,2,smoke,20,204145,F0_H2,0,1,87,87.0000,0.203252,0.000000,3,18
daycare,2,smoke,21,204146,F2_S2,0,1,144,144.0000,0.390244,0.000000,6,18
daycare,2,smoke,22,204147,F1_S1,0,1,87,87.0000,0.203252,0.000000,3,18
daycare,2,smoke,23,204148,F2_H3,0,1,87,87.0000,0.252033,0.000000,4,18
daycare,2,smoke,24,204149,F2_H2,0,1,49,49.0000,0.154472,0.000000,2,18
daycare,2,smoke,25,204150,F0_H2,0,1,13,13.0000,0.000000,0.000000,0,18
daycare,2,smoke,26,204151,F2_H3,0,1,59,59.0000,0.154472,0.000000,2,18
daycare,2,smoke,27,204152,F0_H3,0,1,42,42.0000,0.081301,0.000000,1,18
daycare,2,smoke,28,204153,F1_N2,0,1,49,49.0000,0.154472,0.000000,2,18
daycare,2,smoke,29,204154,F1_S1,0,1,87,87.0000,0.203252,0.000000,3,18
daycare,3,clear,0,205025,,1,0,301,300.6667,1.000000,0.000000,18,18
daycare,3,clear,1,205026,,1,0,301,300.6667,1.000000,0.000000,18,18
daycare,3,clear,2,205027,,1,0,301,300.6667,1.000000,0.000000,18,18
daycare,3,clear,3,205028,,1,0,301,300.6667,1.000000,0.000000,18,18
daycare,3,clear,4,205029,,1,0,301,300.6667,1.000000,0.000000,18,18
daycare,3,clear,5,205030,,1,0,301,300.6667,1.000000,0.000000,18,18
daycare,3,clear,6,205031,,1,0,301,300.6667,1.000000,0.000000,18,18
daycare,3,clear,7,205032,,1,0,301,300.6667,1.000000,0.000000,18,18
daycare,3,clear,8,205033,,1,0,301,300.6667,1.000000,0.000000,18,18
daycare,3,clear,9,205034,,1,0,301,300.6667,1.000000,0.000000,18,18
daycare,3,clear,10,205035,,1,0,301,300.6667,1.000000,0.000000,18,18
daycare,3,clear,11,205036,,1,0,301,300.6667,1.000000,0.000000,18,18
daycare,3,clear,12,205037,,1,0,301,300.6667,1.000000,0.000000,18,18
daycare,3,clear,13,205038,,1,0,301,300.6667,1.000000,0.000000,18,18
daycare,3,clear,14,205039,,1,0,301,300.6667,1.000000,0.000000,18,18
daycare,3,clear,15,205040,,1,0,301,300.6667,1.000000,0.000000,18,18
daycare,3,clear,16,205041,,1,0,301,300.6667,1.000000,0.000000,18,18
daycare,3,clear,17,205042,,1,0,301,300.6667,1.000000,0.000000,18,18
daycare,3,clear,18,205043,,1,0,301,300.6667,1.000000,0.000000,18,18
daycare,3,clear,19,205044,,1,0,301,300.6667,1.000000,0.000000,18,18
daycare,3,clear,20,205045,,1,0,301,300.6667,1.000000,0.000000,18,18
daycare,3,clear,21,205046,,1,0,301,300.6667,1.000000,0.000000,18,18
daycare,3,clear,22,205047,,1,0,301,300.6667,1.000000,0.000000,18,18
daycare,3,clear,23,205048,,1,0,301,300.6667,1.000000,0.000000,18,18
daycare,3,clear,24,205049,,1,0,301,300.6667,1.000000,0.000000,18,18
daycare,3,clear,25,205050,,1,0,301,300.6667,1.000000,0.000000,18,18
daycare,3,clear,26,205051,,1,0,301,300.6667,1.000000,0.000000,18,18
daycare,3,clear,27,205052,,1,0,301,300.6667,1.000000,0.000000,18,18
daycare,3,clear,28,205053,,1,0,301,300.6667,1.000000,0.000000,18,18
daycare,3,clear,29,205054,,1,0,301,300.6667,1.000000,0.000000,18,18
daycare,3,smoke,0,205125,F0_N3,0,1,42,42.0000,0.130081,0.000000,2,18
daycare,3,smoke,1,205126,F1_N1,0,1,62,62.0000,0.203252,0.000000,3,18
daycare,3,smoke,2,205127,F0_S2,0,1,56,56.0000,0.203252,0.000000,3,18
daycare,3,smoke,3,205128,F2_H2,0,1,42,42.0000,0.203252,0.000000,3,18
daycare,3,smoke,4,205129,F1_H3,0,1,87,87.0000,0.317073,0.000000,5,18
daycare,3,smoke,5,205130,F1_H1,0,1,42,42.0000,0.121951,0.000000,2,18
daycare,3,smoke,6,205131,F0_N2,0,1,42,42.0000,0.203252,0.000000,3,18
daycare,3,smoke,7,205132,F2_H2,0,1,42,42.0000,0.203252,0.000000,3,18
daycare,3,smoke,8,205133,F0_N1,0,1,42,42.0000,0.073171,0.000000,1,18
daycare,3,smoke,9,205134,F0_N1,0,1,42,42.0000,0.186992,0.000000,3,18
daycare,3,smoke,10,205135,F2_S3,0,1,97,97.0000,0.333333,0.000000,6,18
daycare,3,smoke,11,205136,F0_S2,0,1,92,92.0000,0.284553,0.000000,4,18
daycare,3,smoke,12,205137,F0_N2,0,1,42,42.0000,0.203252,0.000000,3,18
daycare,3,smoke,13,205138,F0_H1,0,1,52,52.0000,0.073171,0.000000,1,18
daycare,3,smoke,14,205139,F1_H3,0,1,42,42.0000,0.203252,0.000000,3,18
daycare,3,smoke,15,205140,F1_S3,0,1,43,43.0000,0.203252,0.000000,3,18
daycare,3,smoke,16,205141,F2_S2,0,1,47,47.0000,0.203252,0.000000,3,18
daycare,3,smoke,17,205142,F2_H1,0,1,97,97.0000,0.333333,0.000000,6,18
daycare,3,smoke,18,205143,F2_H2,0,1,87,87.0000,0.252033,0.000000,4,18
daycare,3,smoke,19,205144,F1_H3,0,1,42,42.0000,0.203252,0.000000,3,18
daycare,3,smoke,20,205145,F1_H3,0,1,45,45.0000,0.203252,0.000000,3,18
daycare,3,smoke,21,205146,F0_N1,0,1,42,42.0000,0.186992,0.000000,3,18
daycare,3,smoke,22,205147,F0_H2,0,1,48,48.0000,0.121951,0.000000,2,18
daycare,3,smoke,23,205148,F1_S1,0,1,87,87.0000,0.317073,0.000000,5,18
daycare,3,smoke,24,205149,F1_S3,0,1,50,50.0000,0.203252,0.000000,3,18
daycare,3,smoke,25,205150,F0_S3,0,1,42,42.0000,0.178862,0.000000,3,18
daycare,3,smoke,26,205151,F0_N1,0,1,13,13.0000,0.000000,0.000000,0,18
daycare,3,smoke,27,205152,F0_S1,0,1,53,53.0000,0.154472,0.000000,2,18
daycare,3,smoke,28,205153,F1_S3,0,1,48,48.0000,0.203252,0.000000,3,18
daycare,3,smoke,29,205154,F1_H1,0,1,49,49.0000,0.203252,0.000000,3,18
daycare,4,clear,0,206025,,1,0,256,255.6667,1.000000,0.111111,18,18
daycare,4,clear,1,206026,,1,0,256,255.6667,1.000000,0.111111,18,18
daycare,4,clear,2,206027,,1,0,256,255.6667,1.000000,0.111111,18,18
daycare,4,clear,3,206028,,1,0,256,255.6667,1.000000,0.111111,18,18
daycare,4,clear,4,206029,,1,0,256,255.6667,1.000000,0.111111,18,18
daycare,4,clear,5,206030,,1,0,256,255.6667,1.000000,0.111111,18,18
daycare,4,clear,6,206031,,1,0,256,255.6667,1.000000,0.111111,18,18
daycare,4,clear,7,206032,,1,0,256,255.6667,1.000000,0.111111,18,18
daycare,4,clear,8,206033,,1,0,256,255.6667,1.000000,0.111111,18,18
daycare,4,clear,9,206034,,1,0,256,255.6667,1.000000,0.111111,18,18
daycare,4,clear,10,206035,,1,0,256,255.6667,1.000000,0.111111,18,18
daycare,4,clear,11,206036,,1,0,256,255.6667,1.000000,0.111111,18,18
daycare,4,clear,12,206037,,1,0,256,255.6667,1.000000,0.111111,18,18
daycare,4,clear,13,206038,,1,0,256,255.6667,1.000000,0.111111,18,18
daycare,4,clear,14,206039,,1,0,256,255.6667,1.000000,0.111111,18,18
daycare,4,clear,15,206040,,1,0,256,255.6667,1.000000,0.111111,18,18
daycare,4,clear,16,206041,,1,0,256,255.6667,1.000000,0.111111,18,18
daycare,4,clear,17,206042,,1,0,256,255.6667,1.000000,0.111111,18,18
daycare,4,clear,18,206043,,1,0,256,255.6667,1.000000,0.111111,18,18
daycare,4,clear,19,206044,,1,0,256,255.6667,1.000000,0.111111,18,18
daycare,4,clear,20,206045,,1,0,256,255.6667,1.000000,0.111111,18,18
daycare,4,clear,21,206046,,1,0,256,255.6667,1.000000,0.111111,18,18
daycare,4,clear,22,206047,,1,0,256,255.6667,1.000000,0.111111,18,18
daycare,4,clear,23,206048,,1,0,256,255.6667,1.000000,0.111111,18,18
daycare,4,clear,24,206049,,1,0,256,255.6667,1.000000,0.111111,18,18
daycare,4,clear,25,206050,,1,0,256,255.6667,1.000000,0.111111,18,18
daycare,4,clear,26,206051,,1,0,256,255.6667,1.000000,0.111111,18,18
daycare,4,clear,27,206052,,1,0,256,255.6667,1.000000,0.111111,18,18
daycare,4,clear,28,206053,,1,0,256,255.6667,1.000000,0.111111,18,18
daycare,4,clear,29,206054,,1,0,256,255.6667,1.000000,0.111111,18,18
daycare,4,smoke,0,206125,F0_H2,0,1,56,56.0000,0.073171,0.000000,1,18
daycare,4,smoke,1,206126,F0_S3,0,1,64,64.0000,0.243902,0.000000,4,18
daycare,4,smoke,2,206127,F0_H3,0,1,58,58.0000,0.268293,0.000000,4,18
daycare,4,smoke,3,206128,F1_S3,0,1,58,58.0000,0.268293,0.000000,4,18
daycare,4,smoke,4,206129,F2_S1,0,1,42,42.0000,0.186992,0.000000,3,18
daycare,4,smoke,5,206130,F2_H3,0,1,47,47.0000,0.268293,0.000000,4,18
daycare,4,smoke,6,206131,F2_S2,0,1,53,53.0000,0.268293,0.000000,4,18
daycare,4,smoke,7,206132,F1_S3,0,1,84,84.0000,0.284553,0.000000,5,18
daycare,4,smoke,8,206133,F1_S1,0,1,59,59.0000,0.268293,0.000000,4,18
daycare,4,smoke,9,206134,F0_H3,0,1,47,47.0000,0.268293,0.000000,4,18
daycare,4,smoke,10,206135,F1_N2,0,1,49,49.0000,0.268293,0.000000,4,18
daycare,4,smoke,11,206136,F1_H2,0,1,80,80.0000,0.284553,0.000000,5,18
daycare,4,smoke,12,206137,F2_H3,0,1,52,52.0000,0.268293,0.000000,4,18
daycare,4,smoke,13,206138,F1_S1,0,1,84,84.0000,0.317073,0.000000,5,18
daycare,4,smoke,14,206139,F1_N2,0,1,69,69.0000,0.268293,0.000000,4,18
daycare,4,smoke,15,206140,F2_S2,0,1,43,43.0000,0.268293,0.000000,4,18
daycare,4,smoke,16,206141,F0_S2,0,1,42,42.0000,0.130081,0.000000,2,18
daycare,4,smoke,17,206142,F0_S3,0,1,93,93.0000,0.398374,0.000000,6,18
daycare,4,smoke,18,206143,F2_S1,0,1,93,93.0000,0.333333,0.055556,6,18
daycare,4,smoke,19,206144,F1_S3,0,1,57,57.0000,0.268293,0.000000,4,18
daycare,4,smoke,20,206145,F0_N1,0,1,42,42.0000,0.154472,0.000000,3,18
daycare,4,smoke,21,206146,F1_S1,0,1,84,84.0000,0.284553,0.000000,5,18
daycare,4,smoke,22,206147,F0_S3,0,1,57,57.0000,0.268293,0.000000,4,18
daycare,4,smoke,23,206148,F2_N1,0,1,84,84.0000,0.284553,0.000000,5,18
daycare,4,smoke,24,206149,F2_S3,0,1,53,53.0000,0.268293,0.000000,4,18
daycare,4,smoke,25,206150,F1_H2,0,1,44,44.0000,0.268293,0.000000,4,18
daycare,4,smoke,26,206151,F1_N3,0,1,42,42.0000,0.268293,0.000000,4,18
daycare,4,smoke,27,206152,F1_S3,0,1,99,99.0000,0.463415,0.000000,8,18
daycare,4,smoke,28,206153,F2_N3,0,1,51,51.0000,0.268293,0.000000,4,18
daycare,4,smoke,29,206154,F2_H3,0,1,50,50.0000,0.268293,0.000000,4,18
warehouse,3,clear,0,305025,,1,0,213,424.6667,1.000000,0.700000,40,40
warehouse,3,clear,1,305026,,1,0,213,424.6667,1.000000,0.700000,40,40
warehouse,3,clear,2,305027,,1,0,213,424.6667,1.000000,0.700000,40,40
warehouse,3,clear,3,305028,,1,0,213,424.6667,1.000000,0.700000,40,40
warehouse,3,clear,4,305029,,1,0,213,424.6667,1.000000,0.700000,40,40
warehouse,3,clear,5,305030,,1,0,213,424.6667,1.000000,0.700000,40,40
warehouse,3,clear,6,305031,,1,0,213,424.6667,1.000000,0.700000,40,40
warehouse,3,clear,7,305032,,1,0,213,424.6667,1.000000,0.700000,40,40
warehouse,3,clear,8,305033,,1,0,213,424.6667,1.000000,0.700000,40,40
warehouse,3,clear,9,305034,,1,0,213,424.6667,1.000000,0.700000,40,40
warehouse,3,clear,10,305035,,1,0,213,424.6667,1.000000,0.700000,40,40
warehouse,3,clear,11,305036,,1,0,213,424.6667,1.000000,0.700000,40,40
warehouse,3,clear,12,305037,,1,0,213,424.6667,1.000000,0.700000,40,40
warehouse,3,clear,13,305038,,1,0,213,424.6667,1.000000,0.700000,40,40
warehouse,3,clear,14,305039,,1,0,213,424.6667,1.000000,0.700000,40,40
warehouse,3,clear,15,305040,,1,0,213,424.6667,1.000000,0.700000,40,40
warehouse,3,clear,16,305041,,1,0,213,424.6667,1.000000,0.700000,40,40
warehouse,3,clear,17,305042,,1,0,213,424.6667,1.000000,0.700000,40,40
warehouse,3,clear,18,305043,,1,0,213,424.6667,1.000000,0.700000,40,40
warehouse,3,clear,19,305044,,1,0,213,424.6667,1.000000,0.700000,40,40
warehouse,3,clear,20,305045,,1,0,213,424.6667,1.000000,0.700000,40,40
warehouse,3,clear,21,305046,,1,0,213,424.6667,1.000000,0.700000,40,40
warehouse,3,clear,22,305047,,1,0,213,424.6667,1.000000,0.700000,40,40
warehouse,3,clear,23,305048,,1,0,213,424.6667,1.000000,0.700000,40,40
warehouse,3,clear,24,305049,,1,0,213,424.6667,1.000000,0.700000,40,40
warehouse,3,clear,25,305050,,1,0,213,424.6667,1.000000,0.700000,40,40
warehouse,3,clear,26,305051,,1,0,213,424.6667,1.000000,0.700000,40,40
warehouse,3,clear,27,305052,,1,0,213,424.6667,1.000000,0.700000,40,40
warehouse,3,clear,28,305053,,1,0,213,424.6667,1.000000,0.700000,40,40
warehouse,3,clear,29,305054,,1,0,213,424.6667,1.000000,0.700000,40,40
warehouse,3,smoke,0,305125,W_5_6,0,1,75,150.0000,0.250000,0.250000,10,40
warehouse,3,smoke,1,305126,W_2_0,0,1,91,182.0000,0.400000,0.225000,16,40
warehouse,3,smoke,2,305127,W_7_8,0,1,101,202.0000,0.350000,0.250000,14,40
warehouse,3,smoke,3,305128,W_3_4,0,1,76,152.0000,0.275000,0.200000,11,40
warehouse,3,smoke,4,305129,W_7_5,0,1,63,126.0000,0.275000,0.225000,11,40
warehouse,3,smoke,5,305130,W_4_9,0,1,31,62.0000,0.150000,0.000000,6,40
warehouse,3,smoke,6,305131,W_7_2,0,1,109,218.0000,0.425000,0.250000,17,40
warehouse,3,smoke,7,305132,W_4_1,0,1,94,188.0000,0.350000,0.425000,14,40
warehouse,3,smoke,8,305133,W_3_0,0,1,91,182.0000,0.375000,0.225000,15,40
warehouse,3,smoke,9,305134,W_0_10,0,1,87,174.0000,0.200000,0.000000,8,40
warehouse,3,smoke,10,305135,W_6_6,0,1,61,122.0000,0.225000,0.125000,9,40
warehouse,3,smoke,11,305136,W_1_0,0,1,91,182.0000,0.250000,0.200000,10,40
warehouse,3,smoke,12,305137,W_1_1,0,1,103,206.0000,0.325000,0.200000,13,40
warehouse,3,smoke,13,305138,W_1_10,0,1,58,116.0000,0.175000,0.000000,7,40
warehouse,3,smoke,14,305139,W_3_8,0,1,80,160.0000,0.300000,0.500000,12,40
warehouse,3,smoke,15,305140,W_1_11,0,1,72,144.0000,0.275000,0.050000,11,40
warehouse,3,smoke,16,305141,W_5_0,0,1,81,162.0000,0.350000,0.275000,14,40
warehouse,3,smoke,17,305142,W_5_1,0,1,118,236.0000,0.500000,0.250000,20,40
warehouse,3,smoke,18,305143,W_1_1,0,1,123,246.0000,0.400000,0.250000,16,40
warehouse,3,smoke,19,305144,W_0_10,0,1,95,190.0000,0.300000,0.150000,12,40
warehouse,3,smoke,20,305145,W_6_10,0,1,132,264.0000,0.525000,0.175000,21,40
warehouse,3,smoke,21,305146,W_3_8,0,1,75,150.0000,0.250000,0.225000,10,40
warehouse,3,smoke,22,305147,W_1_0,0,1,127,254.0000,0.550000,0.375000,22,40
warehouse,3,smoke,23,305148,W_0_3,0,1,105,210.0000,0.400000,0.125000,16,40
warehouse,3,smoke,24,305149,W_4_1,0,1,77,154.0000,0.325000,0.225000,13,40
warehouse,3,smoke,25,305150,W_3_3,0,0,5000,10000.0000,0.200000,0.075000,8,40
warehouse,3,smoke,26,305151,W_4_5,0,1,75,150.0000,0.250000,0.225000,10,40
warehouse,3,smoke,27,305152,W_3_0,0,1,91,182.0000,0.375000,0.250000,15,40
warehouse,3,smoke,28,305153,W_6_11,0,1,74,148.0000,0.300000,0.025000,12,40
warehouse,3,smoke,29,305154,W_6_5,0,1,91,182.0000,0.325000,0.225000,13,40
warehouse,4,clear,0,306025,,1,0,167,333.0000,1.000000,0.750000,40,40
warehouse,4,clear,1,306026,,1,0,167,333.0000,1.000000,0.750000,40,40
warehouse,4,clear,2,306027,,1,0,167,333.0000,1.000000,0.750000,40,40
warehouse,4,clear,3,306028,,1,0,167,333.0000,1.000000,0.750000,40,40
warehouse,4,clear,4,306029,,1,0,167,333.0000,1.000000,0.750000,40,40
warehouse,4,clear,5,306030,,1,0,167,333.0000,1.000000,0.750000,40,40
warehouse,4,clear,6,306031,,1,0,167,333.0000,1.000000,0.750000,40,40
warehouse,4,clear,7,306032,,1,0,167,333.0000,1.000000,0.750000,40,40
warehouse,4,clear,8,306033,,1,0,167,333.0000,1.000000,0.750000,40,40
warehouse,4,clear,9,306034,,1,0,167,333.0000,1.000000,0.750000,40,40
warehouse,4,clear,10,306035,,1,0,167,333.0000,1.000000,0.750000,40,40
warehouse,4,clear,11,306036,,1,0,167,333.0000,1.000000,0.750000,40,40
warehouse,4,clear,12,306037,,1,0,167,333.0000,1.000000,0.750000,40,40
warehouse,4,clear,13,306038,,1,0,167,333.0000,1.000000,0.750000,40,40
warehouse,4,clear,14,306039,,1,0,167,333.0000,1.000000,0.750000,40,40
warehouse,4,clear,15,306040,,1,0,167,333.0000,1.000000,0.750000,40,40
warehouse,4,clear,16,306041,,1,0,167,333.0000,1.000000,0.750000,40,40
warehouse,4,clear,17,306042,,1,0,167,333.0000,1.000000,0.750000,40,40
warehouse,4,clear,18,306043,,1,0,167,333.0000,1.000000,0.750000,40,40
warehouse,4,clear,19,306044,,1,0,167,333.0000,1.000000,0.750000,40,40
warehouse,4,clear,20,306045,,1,0,167,333.0000,1.000000,0.750000,40,40
warehouse,4,clear,21,306046,,1,0,167,333.0000,1.000000,0.750000,40,40
warehouse,4,clear,22,306047,,1,0,167,333.0000,1.000000,0.750000,40,40
warehouse,4,clear,23,306048,,1,0,167,333.0000,1.000000,0.750000,40,40
warehouse,4,clear,24,306049,,1,0,167,333.0000,1.000000,0.750000,40,40
warehouse,4,clear,25,306050,,1,0,167,333.0000,1.000000,0.750000,40,40
warehouse,4,clear,26,306051,,1,0,167,333.0000,1.000000,0.750000,40,40
warehouse,4,clear,27,306052,,1,0,167,333.0000,1.000000,0.750000,40,40
warehouse,4,clear,28,306053,,1,0,167,333.0000,1.000000,0.750000,40,40
warehouse,4,clear,29,306054,,1,0,167,333.0000,1.000000,0.750000,40,40
warehouse,4,smoke,0,306125,W_4_10,0,1,71,142.0000,0.375000,0.025000,15,40
warehouse,4,smoke,1,306126,W_1_5,0,1,75,150.0000,0.325000,0.050000,13,40
warehouse,4,smoke,2,306127,W_3_10,0,1,58,116.0000,0.300000,0.225000,12,40
warehouse,4,smoke,3,306128,W_7_9,0,1,86,172.0000,0.400000,0.200000,16,40
warehouse,4,smoke,4,306129,W_4_6,0,1,62,124.0000,0.300000,0.075000,12,40
warehouse,4,smoke,5,306130,W_0_2,0,1,119,238.0000,0.675000,0.200000,27,40
warehouse,4,smoke,6,306131,W_6_1,0,1,126,252.0000,0.625000,0.300000,25,40
warehouse,4,smoke,7,306132,W_3_0,0,1,79,158.0000,0.325000,0.250000,13,40
warehouse,4,smoke,8,306133,W_3_2,0,1,91,182.0000,0.425000,0.250000,17,40
warehouse,4,smoke,9,306134,W_0_1,0,1,119,238.0000,0.375000,0.200000,15,40
warehouse,4,smoke,10,306135,W_3_3,0,1,76,152.0000,0.325000,0.225000,13,40
warehouse,4,smoke,11,306136,W_3_8,0,1,58,116.0000,0.300000,0.200000,12,40
warehouse,4,smoke,12,306137,W_3_6,0,1,46,92.0000,0.275000,0.075000,11,40
warehouse,4,smoke,13,306138,W_0_9,0,1,115,230.0000,0.525000,0.025000,21,40
warehouse,4,smoke,14,306139,W_3_0,0,1,91,182.0000,0.325000,0.225000,13,40
warehouse,4,smoke,15,306140,W_3_10,0,1,120,240.0000,0.575000,0.250000,23,40
warehouse,4,smoke,16,306141,W_7_5,0,1,65,130.0000,0.325000,0.225000,13,40
warehouse,4,smoke,17,306142,W_2_1,0,1,91,182.0000,0.400000,0.225000,16,40
warehouse,4,smoke,18,306143,W_3_7,0,0,5000,10000.0000,0.325000,0.275000,13,40
warehouse,4,smoke,19,306144,W_4_8,0,1,105,210.0000,0.375000,0.225000,15,40
warehouse,4,smoke,20,306145,W_4_8,0,1,123,246.0000,0.550000,0.400000,22,40
warehouse,4,smoke,21,306146,W_0_5,0,1,105,210.0000,0.450000,0.225000,18,40
warehouse,4,smoke,22,306147,W_6_10,0,1,130,260.0000,0.550000,0.200000,22,40
warehouse,4,smoke,23,306148,W_0_5,0,1,76,152.0000,0.350000,0.000000,14,40
warehouse,4,smoke,24,306149,W_5_10,0,1,115,230.0000,0.550000,0.350000,22,40
warehouse,4,smoke,25,306150,W_1_0,0,1,76,152.0000,0.375000,0.200000,15,40
warehouse,4,smoke,26,306151,W_3_1,0,1,83,166.0000,0.325000,0.275000,13,40
warehouse,4,smoke,27,306152,W_5_6,0,0,5000,10000.0000,0.325000,0.125000,13,40
warehouse,4,smoke,28,306153,W_5_6,0,1,66,132.0000,0.350000,0.175000,14,40
warehouse,4,smoke,29,306154,W_0_3,0,1,101,202.0000,0.400000,0.225000,16,40
warehouse,5,clear,0,307025,,1,0,132,262.3333,1.000000,0.775000,40,40
warehouse,5,clear,1,307026,,1,0,132,262.3333,1.000000,0.775000,40,40
warehouse,5,clear,2,307027,,1,0,132,262.3333,1.000000,0.775000,40,40
warehouse,5,clear,3,307028,,1,0,132,262.3333,1.000000,0.775000,40,40
warehouse,5,clear,4,307029,,1,0,132,262.3333,1.000000,0.775000,40,40
warehouse,5,clear,5,307030,,1,0,132,262.3333,1.000000,0.775000,40,40
warehouse,5,clear,6,307031,,1,0,132,262.3333,1.000000,0.775000,40,40
warehouse,5,clear,7,307032,,1,0,132,262.3333,1.000000,0.775000,40,40
warehouse,5,clear,8,307033,,1,0,132,262.3333,1.000000,0.775000,40,40
warehouse,5,clear,9,307034,,1,0,132,262.3333,1.000000,0.775000,40,40
warehouse,5,clear,10,307035,,1,0,132,262.3333,1.000000,0.775000,40,40
warehouse,5,clear,11,307036,,1,0,132,262.3333,1.000000,0.775000,40,40
warehouse,5,clear,12,307037,,1,0,132,262.3333,1.000000,0.775000,40,40
warehouse,5,clear,13,307038,,1,0,132,262.3333,1.000000,0.775000,40,40
warehouse,5,clear,14,307039,,1,0,132,262.3333,1.000000,0.775000,40,40
warehouse,5,clear,15,307040,,1,0,132,262.3333,1.000000,0.775000,40,40
warehouse,5,clear,16,307041,,1,0,132,262.3333,1.000000,0.775000,40,40
warehouse,5,clear,17,307042,,1,0,132,262.3333,1.000000,0.775000,40,40
warehouse,5,clear,18,307043,,1,0,132,262.3333,1.000000,0.775000,40,40
warehouse,5,clear,19,307044,,1,0,132,262.3333,1.000000,0.775000,40,40
warehouse,5,clear,20,307045,,1,0,132,262.3333,1.000000,0.775000,40,40
warehouse,5,clear,21,307046,,1,0,132,262.3333,1.000000,0.775000,40,40
warehouse,5,clear,22,307047,,1,0,132,262.3333,1.000000,0.775000,40,40
warehouse,5,clear,23,307048,,1,0,132,262.3333,1.000000,0.775000,40,40
warehouse,5,clear,24,307049,,1,0,132,262.3333,1.000000,0.775000,40,40
warehouse,5,clear,25,307050,,1,0,132,262.3333,1.000000,0.775000,40,40
warehouse,5,clear,26,307051,,1,0,132,262.3333,1.000000,0.775000,40,40
warehouse,5,clear,27,307052,,1,0,132,262.3333,1.000000,0.775000,40,40
warehouse,5,clear,28,307053,,1,0,132,262.3333,1.000000,0.775000,40,40
warehouse,5,clear,29,307054,,1,0,132,262.3333,1.000000,0.775000,40,40
warehouse,5,smoke,0,307125,W_2_5,0,1,76,152.0000,0.375000,0.075000,15,40
warehouse,5,smoke,1,307126,W_3_11,0,1,127,254.0000,0.625000,0.350000,25,40
warehouse,5,smoke,2,307127,W_3_7,0,0,5000,10000.0000,0.325000,0.175000,13,40
warehouse,5,smoke,3,307128,W_2_6,0,1,81,162.0000,0.425000,0.250000,17,40
warehouse,5,smoke,4,307129,W_7_4,0,1,99,198.0000,0.600000,1.200000,24,40
warehouse,5,smoke,5,307130,W_6_1,0,1,105,210.0000,0.750000,0.250000,30,40
warehouse,5,smoke,6,307131,W_3_7,0,1,46,92.0000,0.300000,0.175000,12,40
warehouse,5,smoke,7,307132,W_4_3,0,1,47,94.0000,0.350000,0.200000,14,40
warehouse,5,smoke,8,307133,W_7_3,0,1,91,182.0000,0.550000,0.225000,22,40
warehouse,5,smoke,9,307134,W_7_10,0,1,126,252.0000,0.725000,0.775000,29,40
warehouse,5,smoke,10,307135,W_1_5,0,1,67,134.0000,0.400000,0.125000,16,40
warehouse,5,smoke,11,307136,W_7_9,0,1,116,232.0000,0.750000,0.950000,30,40
warehouse,5,smoke,12,307137,W_6_0,0,1,102,204.0000,0.600000,0.325000,24,40
warehouse,5,smoke,13,307138,W_1_5,0,1,69,138.0000,0.400000,0.475000,16,40
warehouse,5,smoke,14,307139,W_7_7,0,1,90,180.0000,0.600000,0.325000,24,40
warehouse,5,smoke,15,307140,W_6_1,0,1,76,152.0000,0.500000,0.225000,20,40
warehouse,5,smoke,16,307141,W_2_5,0,1,60,120.0000,0.400000,0.025000,16,40
warehouse,5,smoke,17,307142,W_0_8,0,1,91,182.0000,0.425000,0.050000,17,40
warehouse,5,smoke,18,307143,W_0_10,0,1,111,222.0000,0.550000,0.125000,22,40
warehouse,5,smoke,19,307144,W_0_3,0,1,128,256.0000,0.825000,0.475000,33,40
warehouse,5,smoke,20,307145,W_5_11,0,1,119,238.0000,0.650000,0.325000,26,40
warehouse,5,smoke,21,307146,W_5_6,0,1,91,182.0000,0.550000,0.325000,22,40
warehouse,5,smoke,22,307147,W_7_5,0,1,58,116.0000,0.300000,0.200000,12,40
warehouse,5,smoke,23,307148,W_0_9,0,1,107,214.0000,0.650000,0.100000,26,40
warehouse,5,smoke,24,307149,W_5_10,0,1,93,186.0000,0.450000,0.575000,18,40
warehouse,5,smoke,25,307150,W_7_8,0,1,112,224.0000,0.625000,0.750000,25,40
warehouse,5,smoke,26,307151,W_0_10,0,1,144,288.0000,0.825000,0.025000,33,40
warehouse,5,smoke,27,307152,W_2_0,0,1,107,214.0000,0.525000,0.275000,21,40
warehouse,5,smoke,28,307153,W_3_7,0,0,5000,10000.0000,0.400000,0.400000,16,40
warehouse,5,smoke,29,307154,W_7_7,0,1,89,178.0000,0.525000,0.550000,21,40
