item,Factor_1,Factor_2,Factor_3,communality,uniqueness,primary_factor,primary_loading,primary_abs_loading
safety_level,0.750271430490562,0.04685673205946731,-0.15254647356888362,0.588373199347949,0.41162680065205104,1,0.750271430490562,0.750271430490562
social_networking,0.6180971875775828,-0.05718574757841317,0.10992538692146034,0.39739793370725235,0.6026020662927476,1,0.6180971875775828,0.6180971875775828
skill_acquisition,0.5955490774556945,0.3589406751439761,0.11530649450411519,0.49681269960596974,0.5031873003940303,1,0.5955490774556945,0.5955490774556945
tip_potential,0.5934769855365759,0.2940597460114972,0.08073328544878644,0.4452039299652826,0.5547960700347174,1,0.5934769855365759,0.5934769855365759
teamwork_atmosphere,0.4067692390626154,-0.07843692162506688,0.03590758855162351,0.17290291943718872,0.8270970805628113,1,0.4067692390626154,0.4067692390626154
resume_value,0.4032872459884829,0.13165192234938675,0.012071384611332883,0.18011854976169883,0.8198814502383012,1,0.4032872459884829,0.4032872459884829
autonomous_control,0.07797285318473844,0.7612789441732625,-0.014266260516256147,0.5858289228644438,0.41417107713555623,2,0.7612789441732625,0.7612789441732625
commute_convenience,0.2303786347621089,0.6527344401398207,-0.031553899973745726,0.48013221330305156,0.5198677866969484,2,0.6527344401398207,0.6527344401398207
mental_stress,-0.17287890076974888,0.50274753616609,0.3671038670298385,0.417407448640692,0.582592551359308,2,0.50274753616609,0.50274753616609
hourly_wage_need,0.3496004285438756,0.48176707156503085,-0.017668595505888732,0.35463215014955773,0.6453678498504423,2,0.48176707156503085,0.48176707156503085
physical_strength,0.3202832292616672,0.19202853567582304,0.7174152505634072,0.6541409472010388,0.34585905279896123,3,0.7174152505634072,0.7174152505634072
boss_fairness,0.2349632232060739,0.13982468075182278,-0.6706480554556286,0.5245274718931523,0.4754725281068477,3,-0.6706480554556286,0.6706480554556286
flexible_hours,0.4109466437764317,0.052695211248437415,0.5770326469972816,0.5046206050203204,0.49537939497967964,3,0.5770326469972816,0.5770326469972816
outdoor_sun_exposure,0.324947466897028,-0.379016099320796,0.3931401570978497,0.4038032429100686,0.5961967570899314,3,0.3931401570978497,0.3931401570978497
free_meals_perks,-0.2136107374536609,0.26442313047268073,0.2715666854761472,0.18929760374496984,0.8107023962550302,3,0.2715666854761472,0.2715666854761472
