epoch,mean_train_cross_entropy,mean_loocv_top1
1,2.1233485317230225,0.1
2,2.0089961290359497,0.1
3,1.9398089671134948,0.2
4,1.8799024200439454,0.2
5,1.8327435302734374,0.2
6,1.7974449753761292,0.2
7,1.7754648566246032,0.2
8,1.7421502947807312,0.22
9,1.7134158134460449,0.2
10,1.6871298146247864,0.18
11,1.6641905403137207,0.24
12,1.6396062421798705,0.24
13,1.6204619336128234,0.24
14,1.5998943734169007,0.22
15,1.5725625085830688,0.22
16,1.5597114372253418,0.22
17,1.546414053440094,0.22
18,1.523149950504303,0.2
19,1.517887120246887,0.18
20,1.4952512454986573,0.14
21,1.478157765865326,0.14
22,1.4788739085197449,0.14
23,1.4525425910949707,0.16
24,1.4414329028129578,0.2
25,1.426286804676056,0.2
26,1.4118479633331298,0.22
27,1.3879512190818786,0.22
28,1.3966709971427917,0.2
29,1.385996825695038,0.2
30,1.3765878868103028,0.18
31,1.3569606947898865,0.22
32,1.3391999316215515,0.2
33,1.3505396032333374,0.2
34,1.3200158596038818,0.22
35,1.318837535381317,0.2
36,1.3163367557525634,0.22
37,1.2975120902061463,0.22
38,1.2864191126823425,0.22
39,1.2621338605880736,0.22
40,1.2647645354270936,0.22
41,1.2876981043815612,0.22
42,1.2708425688743592,0.22
43,1.2486994409561156,0.22
44,1.2372440028190612,0.2
45,1.2249110746383667,0.22
46,1.2232081389427185,0.22
47,1.223944172859192,0.22
48,1.2039218056201935,0.2
49,1.2195579075813294,0.24
50,1.2079886269569398,0.22
51,1.2117938160896302,0.2
52,1.2004233384132386,0.2
53,1.186039822101593,0.2
54,1.1850723099708558,0.18
55,1.1933861303329467,0.18
56,1.1699958395957948,0.2
57,1.1796921372413636,0.2
58,1.168971152305603,0.18
59,1.1666647481918335,0.16
60,1.1518536734580993,0.18
61,1.1459272527694702,0.2
62,1.1271141922473908,0.2
63,1.1513927745819093,0.2
64,1.135590479373932,0.2
65,1.122509388923645,0.2
66,1.1228611528873444,0.22
67,1.1224081790447236,0.22
68,1.1260299849510194,0.2
69,1.1137018084526062,0.18
70,1.1062432050704956,0.18
71,1.1043709123134613,0.18
72,1.1058349370956422,0.18
73,1.0981492054462434,0.22
74,1.0968136024475097,0.22
75,1.1170143246650697,0.2
76,1.090875699520111,0.22
77,1.1000878405570984,0.2
78,1.0733715856075288,0.2
79,1.0716897201538087,0.2
80,1.078545969724655,0.2
81,1.091985068321228,0.2
82,1.0735207355022431,0.24
83,1.0709061849117278,0.24
84,1.0611866176128388,0.24
85,1.0580081450939178,0.22
86,1.058886594772339,0.24
87,1.0555176138877869,0.24
88,1.0768098962306976,0.24
89,1.0566127252578736,0.22
90,1.0499582660198212,0.22
91,1.05005166888237,0.18
92,1.0431486523151399,0.18
93,1.057058379650116,0.18
94,1.026412731409073,0.18
95,1.0624096810817718,0.18
96,1.0337042891979218,0.18
97,1.030674228668213,0.18
98,1.0617380392551423,0.2
99,1.0242195272445678,0.24
100,1.0329562938213348,0.24
101,1.0421339225769044,0.24
102,1.0264618790149689,0.24
103,1.0142261064052582,0.22
104,1.0255734848976135,0.24
105,1.026715933084488,0.24
106,1.0319712436199189,0.22
107,1.0114463245868683,0.2
108,1.0163730680942535,0.2
109,1.0093498265743255,0.2
110,1.0155766689777375,0.2
111,1.0009702038764954,0.2
112,1.010251282453537,0.2
113,1.0070287263393403,0.18
114,1.0060722601413727,0.18
115,1.0175863087177277,0.18
116,1.0019103026390075,0.16
117,1.0278601682186126,0.16
118,1.0177641701698303,0.18
119,0.9885296237468719,0.18
120,0.9973916673660278,0.2
121,1.0003428876399993,0.2
122,0.9984644150733948,0.2
123,1.018539479970932,0.22
124,1.0008610928058623,0.22
125,0.9720804083347321,0.2
126,0.9844841170310974,0.2
127,1.0095163691043854,0.22
128,0.9920237290859223,0.2
129,0.966683772802353,0.2
130,0.9803663802146911,0.2
131,0.9756172215938568,0.2
132,0.9952240943908691,0.2
133,1.0059450232982636,0.14
134,0.9886079943180084,0.14
135,0.9709631848335266,0.14
136,0.9642648279666901,0.16
137,0.9770630478858948,0.16
138,0.9733281159400939,0.2
139,0.9746888518333435,0.2
140,0.9711679315567017,0.18
141,0.9781527924537659,0.18
142,0.9892924463748932,0.18
143,0.9543337774276733,0.18
144,0.9545121717453003,0.18
145,0.9753226494789123,0.18
146,0.972422376871109,0.2
147,0.9641644430160522,0.2
148,0.9480881643295288,0.22
149,0.9457089281082154,0.2
150,0.9737506937980652,0.2
151,0.9874519038200379,0.2
152,0.9574527430534363,0.2
153,0.946898912191391,0.2
154,0.9651139283180237,0.2
155,0.9362782311439514,0.2
156,0.9713942098617554,0.16
157,0.9669998896121978,0.16
158,0.9658645427227021,0.2
159,0.9318999302387238,0.2
160,0.9545847845077514,0.2
