student_id,Factor_1,Factor_2,Factor_3
1,1.3119761802191996,0.5871952703015489,0.03487565290605436
2,1.5301793103758334,-2.2362717121004163,-0.05671631048418127
3,-0.28770387167590367,-0.49409148873545566,0.19370703661789093
4,0.5038607526704384,0.5442937847253082,-0.7621714386901379
5,1.430623187320505,0.38754196268831265,1.6890782501568808
6,1.002807636897375,-0.4663806076970323,1.5602902711027786
7,0.3121263352273717,-0.7197788003744611,-0.8553792421804429
8,-1.380390566517268,-0.18737386369743778,-1.5946736525186491
9,-0.8159000992364471,-1.9325936123018932,0.10797339447049396
10,-0.3091602342749774,1.727808189743127,2.1907529945444755
11,0.0007462219914559378,0.46377692154070754,-0.3298241412012587
12,-1.869785139201876,2.3144628989175566,-2.8749966949848997
13,-0.5361540239182238,0.7880085624945077,1.537166048753709
14,-0.7570816801437514,-0.3448579669084921,-0.566299455961274
15,0.5480880109703253,-0.5810463309613176,0.3526305186162498
16,-1.3255121776989798,-0.6454032812370559,1.575568998709817
17,-0.16551185686846218,1.2933303646585417,0.39895993039703226
18,-0.8442733003808011,0.4749770075342163,-0.53176190378714
19,0.990770745593743,0.05314421328530743,0.174926828284102
20,0.7035256008008526,0.4731512562641429,1.5993731389742996
21,-0.42466541501102933,-0.308619104740305,0.050277155593876924
22,0.2757666395329091,-1.4665681002631703,-0.8890946186585326
23,0.31210454525492026,0.31656163517565983,0.1669315211268995
24,-1.2161436505269194,1.9380436827058443,0.6614675972754489
25,-0.728918889821729,-1.4226480284318062,-0.4646363571503136
26,1.0226579502097493,-0.8343415562248376,-0.5138533518200872
27,-0.14221959137100854,-0.4733535834657421,-0.7648088621988957
28,1.1292096021662699,0.5613700839678527,0.30591872584107155
29,-1.8317730816829794,-0.42767326309481096,-0.17444604099273675
30,-1.4255055593140973,1.168836034262765,0.9155263920640306
31,-0.7258690946046261,-1.2136523367414667,0.17803196608447872
32,0.28199086112264937,0.4374994210699464,-1.272613135805104
33,0.146760068065838,0.0003648800338450936,0.30216126235690377
34,-0.10641082671458786,-0.698083445987231,-1.4618858301499909
35,0.11256840157083148,1.7606312561020603,-0.27430902635918103
36,1.5723205299122491,-0.9089239716803041,-0.32700626911389696
37,-1.4680601164199356,-1.3581195221853815,-1.0613829465391744
38,-1.4780883208592268,-0.4749718391618977,0.34658798991989787
39,1.2539422475072604,1.1600423652619813,-0.47692427895918077
40,-0.8090633825660759,-0.061389088988953296,1.55199074008854
41,1.776242532722592,0.799035524841547,-2.0318330613685593
42,1.0300428308864709,-0.5341438291583467,-0.5756069836994588
43,1.593393255543967,1.1781720805979592,-1.062133949947423
44,0.5990095860530583,-1.1490431313539256,0.6827032660045841
45,-0.8341583933208332,-0.8833391457232218,0.5228450974700035
46,0.7266566992651106,0.15884871484937438,0.8393109151344412
47,0.8581522226122601,-0.028913618888263277,0.3281030008713871
48,0.3779800821753165,1.0771505442179998,0.06370981909377821
49,-0.5686725005044638,0.8866882244985294,-0.3207884856493523
50,-1.3524802640343578,-0.6993536496354236,0.9122775257607455
