student_id,Factor_1,Factor_2,Factor_3,cluster,persona_en,persona_zh,silhouette_i,dist_to_centroid
1,1.3119761802191996,0.5871952703015489,0.0348756529060543,0,The Pragmatist,务实经济型,0.4673313178338593,0.6663031596094097
2,1.5301793103758334,-2.2362717121004163,-0.0567163104841812,0,The Pragmatist,务实经济型,0.06317362072815985,2.3860334973502124
3,-0.2877038716759036,-0.4940914887354556,0.1937070366178909,2,The Leisure-Seeker,自由舒适型,0.2525378522318807,0.7154855032602112
4,0.5038607526704384,0.5442937847253082,-0.7621714386901379,0,The Pragmatist,务实经济型,0.2833642649453828,1.0079088048603098
5,1.430623187320505,0.3875419626883126,1.6890782501568808,0,The Pragmatist,务实经济型,0.2897006198332655,1.771669414972142
6,1.002807636897375,-0.4663806076970323,1.5602902711027786,0,The Pragmatist,务实经济型,0.27367489592908023,1.622609552726969
7,0.3121263352273717,-0.7197788003744611,-0.8553792421804429,2,The Leisure-Seeker,自由舒适型,0.08072459027254963,1.2510237903865726
8,-1.380390566517268,-0.1873738636974377,-1.5946736525186491,2,The Leisure-Seeker,自由舒适型,0.30942424347876335,1.617658106149747
9,-0.8159000992364471,-1.9325936123018932,0.1079733944704939,2,The Leisure-Seeker,自由舒适型,0.43294369163637336,1.1750063061659362
10,-0.3091602342749774,1.727808189743127,2.1907529945444755,1,The Career-Builder,履历投资型,0.2217009657600923,1.9835156142045824
11,0.0007462219914559,0.4637769215407075,-0.3298241412012587,0,The Pragmatist,务实经济型,0.1256900664731351,1.0481798928500763
12,-1.869785139201876,2.3144628989175566,-2.8749966949848997,1,The Career-Builder,履历投资型,0.06813939398496623,3.555990308337443
13,-0.5361540239182238,0.7880085624945077,1.537166048753709,1,The Career-Builder,履历投资型,0.2221891636434159,1.309392270852641
14,-0.7570816801437514,-0.3448579669084921,-0.566299455961274,2,The Leisure-Seeker,自由舒适型,0.41508367545482416,0.571955893635073
15,0.5480880109703253,-0.5810463309613176,0.3526305186162498,0,The Pragmatist,务实经济型,0.18955257763100486,0.8020903038694542
16,-1.3255121776989798,-0.6454032812370559,1.575568998709817,2,The Leisure-Seeker,自由舒适型,0.17251676787856957,1.8984520410667722
17,-0.1655118568684621,1.2933303646585417,0.3989599303970322,1,The Career-Builder,履历投资型,0.1770785364260201,0.6055797192639666
18,-0.8442733003808011,0.4749770075342163,-0.53176190378714,1,The Career-Builder,履历投资型,-0.14410132668436904,1.1445815578656802
19,0.990770745593743,0.0531442132853074,0.174926828284102,0,The Pragmatist,务实经济型,0.4533044738569862,0.17119679037665975
20,0.7035256008008526,0.4731512562641429,1.5993731389742996,0,The Pragmatist,务实经济型,0.1742220371725088,1.6337898496238863
21,-0.4246654150110293,-0.308619104740305,0.0502771555938769,2,The Leisure-Seeker,自由舒适型,0.28219054945675404,0.6696690584465387
22,0.2757666395329091,-1.4665681002631703,-0.8890946186585326,2,The Leisure-Seeker,自由舒适型,0.20642231709972506,1.3984254902876008
23,0.3121045452549202,0.3165616351756598,0.1669315211268995,0,The Pragmatist,务实经济型,0.2949112156598624,0.6546619646944536
24,-1.2161436505269194,1.9380436827058445,0.6614675972754489,1,The Career-Builder,履历投资型,0.4085142153016363,0.905908810429803
25,-0.728918889821729,-1.4226480284318062,-0.4646363571503136,2,The Leisure-Seeker,自由舒适型,0.4892029172348382,0.657592213194624
26,1.0226579502097493,-0.8343415562248376,-0.5138533518200872,0,The Pragmatist,务实经济型,0.20466648660713507,1.05681637221152
27,-0.1422195913710085,-0.4733535834657421,-0.7648088621988957,2,The Leisure-Seeker,自由舒适型,0.24622895934271896,0.8883083587447549
28,1.12920960216627,0.5613700839678527,0.3059187258410715,0,The Pragmatist,务实经济型,0.44801227512888314,0.6136054241691318
29,-1.8317730816829791,-0.4276732630948109,-0.1744460409927367,2,The Leisure-Seeker,自由舒适型,0.36581592277573294,1.1306249946987226
30,-1.4255055593140973,1.168836034262765,0.9155263920640306,1,The Career-Builder,履历投资型,0.3119947612944575,0.8891417346492736
31,-0.7258690946046261,-1.2136523367414669,0.1780319660844787,2,The Leisure-Seeker,自由舒适型,0.4760526323106791,0.5778460590180698
32,0.2819908611226493,0.4374994210699464,-1.272613135805104,0,The Pragmatist,务实经济型,0.11305267770077823,1.489621430420544
33,0.146760068065838,0.000364880033845,0.3021612623569037,0,The Pragmatist,务实经济型,0.14771759988724847,0.8034849843160647
34,-0.1064108267145878,-0.698083445987231,-1.4618858301499909,2,The Leisure-Seeker,自由舒适型,0.23470692274826513,1.4012816263568542
35,0.1125684015708314,1.7606312561020605,-0.274309026359181,1,The Career-Builder,履历投资型,0.07818210070708231,1.18703540525876
36,1.5723205299122491,-0.908923971680304,-0.3270062691138969,0,The Pragmatist,务实经济型,0.30478875490150165,1.234836249985835
37,-1.4680601164199356,-1.3581195221853817,-1.0613829465391744,2,The Leisure-Seeker,自由舒适型,0.47727860459785076,1.215838051753951
38,-1.4780883208592268,-0.4749718391618977,0.3465879899198978,2,The Leisure-Seeker,自由舒适型,0.3783344948505985,0.9743078390607028
39,1.2539422475072604,1.1600423652619811,-0.4769242789591807,0,The Pragmatist,务实经济型,0.33646869400978424,1.258869573664438
40,-0.8090633825660759,-0.0613890889889532,1.55199074008854,1,The Career-Builder,履历投资型,-0.07615668744635241,1.7810372712326055
41,1.776242532722592,0.799035524841547,-2.0318330613685593,0,The Pragmatist,务实经济型,0.2670275432621752,2.3579793197232446
42,1.0300428308864709,-0.5341438291583467,-0.5756069836994588,0,The Pragmatist,务实经济型,0.27227532826775397,0.8607038999000057
43,1.593393255543967,1.1781720805979592,-1.062133949947423,0,The Pragmatist,务实经济型,0.33088555536593367,1.7076665065377599
44,0.5990095860530583,-1.1490431313539256,0.6827032660045841,0,The Pragmatist,务实经济型,0.06211290039904971,1.4095149605662436
45,-0.8341583933208332,-0.8833391457232218,0.5228450974700035,2,The Leisure-Seeker,自由舒适型,0.43878560845997,0.7613912601245166
46,0.7266566992651106,0.1588487148493743,0.8393109151344412,0,The Pragmatist,务实经济型,0.3828381869819214,0.833119089455553
47,0.8581522226122601,-0.0289136188882632,0.3281030008713871,0,The Pragmatist,务实经济型,0.42284251421837155,0.3148366870157963
48,0.3779800821753165,1.0771505442179998,0.0637098190937782,0,The Pragmatist,务实经济型,0.0992457802698168,1.1407837403978376
49,-0.5686725005044638,0.8866882244985294,-0.3207884856493523,1,The Career-Builder,履历投资型,0.13856437267794597,0.7567449293456973
50,-1.3524802640343578,-0.6993536496354236,0.9122775257607456,2,The Leisure-Seeker,自由舒适型,0.33948304894222325,1.2892262146818618
