doy,temp_c,forage_index,winter
1,-1.3978529561957949,0.0,1.0
2,-1.463331620834854,0.0,1.0
3,-1.5251171313339356,0.0,1.0
4,-1.5831911793128342,0.0,1.0
5,-1.637536556177796,0.0,1.0
6,-1.6881371582207887,0.0,1.0
7,-1.7349779913913714,0.0,1.0
8,-1.77804517573977,0.0,1.0
9,-1.8173259495297955,0.0,1.0
10,-1.8528086730204265,0.0,1.0
11,-1.8844828319149105,0.0,1.0
12,-1.912339040476386,0.0,1.0
13,-1.9363690443090675,0.0,1.0
14,-1.9565657228042124,0.0,1.0
15,-1.9729230912500988,0.0,1.0
16,-1.9854363026054376,0.0,1.0
17,-1.9941016489356451,0.0,1.0
18,-1.9989165625115923,0.0,1.0
19,-1.999879616570471,0.0,1.0
20,-1.9969905257385816,0.0,1.0
21,-1.9902501461158852,0.0,1.0
22,-1.9796604750223352,0.0,1.0
23,-1.9652246504060216,0.0,1.0
24,-1.9469469499133272,0.0,1.0
25,-1.9248327896213748,0.0,1.0
26,-1.898888722433119,0.0,1.0
27,-1.869122436135589,0.0,1.0
28,-1.8355427511218227,0.0,1.0
29,-1.7981596177771983,0.0,1.0
30,-1.7569841135309208,0.0,1.0
31,-1.7120284395735386,0.0,1.0
32,-1.663305917241466,0.0,1.0
33,-1.610830984069592,0.0,1.0
34,-1.5546191895131134,0.0,1.0
35,-1.49468719033991,0.0,1.0
36,-1.4310527456947728,0.0,1.0
37,-1.3637347118369956,0.0,1.0
38,-1.2927530365528543,0.0,1.0
39,-1.21812875324464,0.0,1.0
40,-1.1398839746980285,0.0,1.0
41,-1.0580418865295569,0.0,1.0
42,-0.9726267403162492,0.0,1.0
43,-0.8836638464093376,0.0,1.0
44,-0.7911795664342662,0.0,1.0
45,-0.6952013054791628,0.0,1.0
46,-0.5957575039741307,0.0,1.0
47,-0.4928776292637273,0.0,1.0
48,-0.3865921668751575,0.0,1.0
49,-0.2769326114847583,0.0,1.0
50,-0.1639314575854378,0.0,1.0
51,-0.0476221898578614,0.0,1.0
52,0.071960726751783,0.0,1.0
53,0.1947818572444983,0.0,1.0
54,0.3208048070686153,0.0,1.0
55,0.4499922329043055,0.0,1.0
56,0.5823058537292045,0.0,1.0
57,0.717706462161896,0.0,1.0
58,0.8561539360799184,0.0,1.0
59,0.9976072505088088,0.0,1.0
60,1.1420244897786862,0.0,1.0
61,1.2893628599447826,0.0,1.0
62,1.4395787014681891,0.0,1.0
63,1.5926275021531389,0.0,1.0
64,1.7484639103369304,0.0,1.0
65,1.907041748328588,0.0,1.0
66,2.068314026092329,0.0,1.0
67,2.2322329551717086,0.0,1.0
68,2.3987499628503812,0.0,1.0
69,2.5678157065452414,0.0,1.0
70,2.739380088427694,0.0,1.0
71,2.913392270268723,0.0,1.0
72,3.0898006885033613,0.0,1.0
73,3.2685530695100766,0.0,1.0
74,3.449596445100588,0.0,1.0
75,3.6328771682154706,0.0,1.0
76,3.8183409288209447,0.0,1.0
77,4.005932770002104,0.0,1.0
78,4.195597104247847,0.0,1.0
79,4.387277729922642,0.0,1.0
80,4.580917847920296,0.0,1.0
81,4.77646007849475,0.0,1.0
82,4.973846478262939,0.0,1.0
83,5.173018557374662,0.0,1.0
84,5.373917296844395,0.0,1.0
85,5.576483166039882,0.0,1.0
86,5.780656140322351,0.0,1.0
87,5.986375718833108,0.0,1.0
88,6.19358094242125,0.0,1.0
89,6.402210411707169,0.0,1.0
90,6.6122023052765275,0.0,1.0
91,6.823494397999262,0.0,1.0
92,7.036024079468242,0.0,1.0
93,7.249728372552083,0.0,1.0
94,7.464543952056628,0.0,1.0
95,7.680407163489569,0.0,1.0
96,7.897254041922649,0.0,1.0
97,8.115020330945848,0.0071887706841154,0.0
98,8.33364150170795,0.0208525938567468,0.0
99,8.553052772037827,0.0345657982523641,0.0
100,8.77318912564079,0.0483243203525494,0.0
101,8.993985331364344,0.0621240832102715,0.0
102,9.215375962527558,0.0759609976579723,0.0
103,9.437295416308414,0.0898309635192758,0.0
104,9.659677933183348,0.1037298708239592,0.0
105,9.882457616413197,0.1176536010258247,0.0
106,10.10556845156984,0.131598028223115,0.0
107,10.328944326097702,0.1455590203811063,0.0
108,10.552519048904305,0.159532440556519,0.0
109,10.776226369974149,0.1735141481233842,0.0
110,11.0,0.1875,0.0
111,11.223773630025851,0.2014858518766157,0.0
112,11.447480951095695,0.2154675594434809,0.0
113,11.671055673902298,0.2294409796188936,0.0
114,11.89443154843016,0.2434019717768849,0.0
115,12.117542383586803,0.2573463989741752,0.0
116,12.340322066816652,0.2712701291760407,0.0
117,12.562704583691586,0.2851690364807241,0.0
118,12.784624037472442,0.2990390023420276,0.0
119,13.006014668635656,0.3128759167897285,0.0
120,13.22681087435921,0.3266756796474506,0.0
121,13.446947227962172,0.3404342017476358,0.0
122,13.66635849829205,0.3541474061432531,0.0
123,13.884979669054152,0.3678112293158845,0.0
124,14.102745958077351,0.3814216223798344,0.0
125,14.31959283651043,0.3949745522819019,0.0
126,14.535456047943372,0.4084660029964607,0.0
127,14.750271627447916,0.4218919767154948,0.0
128,14.96397592053176,0.4352484950332349,0.0
129,15.176505602000738,0.4485316001250461,0.0
130,15.387797694723472,0.461737355920217,0.0
131,15.59778958829283,0.4748618492683019,0.0
132,15.80641905757875,0.4879011910986719,0.0
133,16.01362428116689,0.5008515175729307,0.0
134,16.21934385967765,0.5137089912298531,0.0
135,16.423516833960118,0.5264698021225074,0.0
136,16.626082703155603,0.5391301689472252,0.0
137,16.82698144262534,0.5516863401640837,0.0
138,17.02615352173706,0.5641345951085663,0.0
139,17.22353992150525,0.5764712450940781,0.0
140,17.419082152079703,0.5886926345049814,0.0
141,17.612722270077356,0.6007951418798347,0.0
142,17.804402895752155,0.6127751809845097,0.0
143,17.994067229997896,0.6246292018748685,0.0
144,18.181659071179055,0.636353691948691,0.0
145,18.367122831784528,0.647945176986533,0.0
146,18.55040355489941,0.6594002221812132,0.0
147,18.731446930489923,0.6707154331556202,0.0
148,18.91019931149664,0.68188745696854,0.0
149,19.086607729731277,0.6929129831082048,0.0
150,19.260619911572302,0.7037887444732691,0.0
151,19.43218429345476,0.7145115183409225,0.0
152,19.60125003714962,0.7250781273218512,0.0
153,19.76776704482829,0.7354854403017681,0.0
154,19.93168597390767,0.7457303733692293,0.0
155,20.092958251671412,0.7558098907294633,0.0
156,20.25153608966307,0.7657210056039419,0.0
157,20.40737249784686,0.7754607811154288,0.0
158,20.56042129853181,0.7850263311582382,0.0
159,20.71063714005522,0.7944148212534512,0.0
160,20.857975510221316,0.8036234693888322,0.0
161,21.002392749491193,0.8126495468431996,0.0
162,21.14384606392008,0.821490378995005,0.0
163,21.282293537838104,0.8301433461148815,0.0
164,21.417694146270797,0.8386058841419248,0.0
165,21.550007767095693,0.8468754854434808,0.0
166,21.679195192931385,0.8549496995582115,0.0
167,21.8052181427555,0.8628261339222187,0.0
168,21.928039273248217,0.8705024545780136,0.0
169,22.04762218985786,0.8779763868661163,0.0
170,22.16393145758544,0.8852457160990899,0.0
171,22.27693261148476,0.8923082882177975,0.0
172,22.38659216687516,0.8991620104296973,0.0
173,22.492877629263727,0.905804851828983,0.0
174,22.59575750397413,0.9122348439983832,0.0
175,22.695201305479163,0.9184500815924476,0.0
176,22.791179566434263,0.9244487229021416,0.0
177,22.883663846409338,0.9302289904005836,0.0
178,22.97262674031625,0.9357891712697656,0.0
179,23.05804188652956,0.9411276179080974,0.0
180,23.13988397469803,0.9462427484186268,0.0
181,23.21812875324464,0.95113304707779,0.0
182,23.292753036552853,0.9557970647845532,0.0
183,23.363734711836997,0.9602334194898124,0.0
184,23.43105274569477,0.9644407966059232,0.0
185,23.49468719033991,0.9684179493962444,0.0
186,23.55461918951311,0.9721636993445696,0.0
187,23.61083098406959,0.9756769365043496,0.0
188,23.663305917241463,0.9789566198275916,0.0
189,23.712028439573537,0.982001777473346,0.0
190,23.75698411353092,0.9848115070956824,0.0
191,23.7981596177772,0.9873849761110748,0.0
192,23.83554275112182,0.9897214219451138,0.0
193,23.86912243613559,0.9918201522584744,0.0
194,23.89888872243312,0.99368054515207,0.0
195,23.924832789621377,0.995302049351336,0.0
196,23.946946949913325,0.9966841843695828,0.0
197,23.96522465040602,0.9978265406503763,0.0
198,23.979660475022335,0.998728779688896,0.0
199,23.990250146115883,0.9993906341322428,0.0
200,23.996990525738585,0.9998119078586614,0.0
201,23.99987961657047,0.9999924760356544,0.0
202,23.998916562511592,0.9999322851569744,0.0
203,23.994101648935647,0.999631353058478,0.0
204,23.985436302605436,0.9990897689128396,0.0
205,23.9729230912501,0.9983076932031312,0.0
206,23.956565722804218,0.9972853576752634,0.0
207,23.936369044309068,0.9960230652693168,0.0
208,23.912339040476382,0.994521190029774,0.0
209,23.88448283191491,0.9927801769946818,0.0
210,23.852808673020427,0.9908005420637768,0.0
211,23.817325949529796,0.9885828718456122,0.0
212,23.77804517573977,0.9861278234837356,0.0
213,23.73497799139137,0.9834361244619608,0.0
214,23.68813715822079,0.9805085723887994,0.0
215,23.637536556177796,0.9773460347611124,0.0
216,23.58319117931283,0.973949448707052,0.0
217,23.525117131333936,0.970319820708371,0.0
218,23.463331620834857,0.9664582263021784,0.0
219,23.397852956195795,0.9623658097622372,0.0
220,23.32870054015823,0.9580437837598894,0.0
221,23.25589486407547,0.9534934290047168,0.0
222,23.17945750184061,0.948716093865038,0.0
223,23.099411103493733,0.9437131939683584,0.0
224,23.015779388510214,0.9384862117818884,0.0
225,22.928587138772116,0.9330366961732572,0.0
226,22.837860191224813,0.9273662619515508,0.0
227,22.7436254302209,0.9214765893888062,0.0
228,22.645910779553816,0.9153694237221136,0.0
229,22.544745194183413,0.9090465746364632,0.0
230,22.440158651655963,0.9025099157284976,0.0
231,22.332182143221186,0.8957613839513239,0.0
232,22.22084766464885,0.8888029790405532,0.0
233,22.106188206747753,0.8816367629217345,0.0
234,21.98823774558982,0.8742648590993638,0.0
235,21.86703123244228,0.8666894520276425,0.0
236,21.742604583410824,0.8589127864631765,0.0
237,21.61499466879691,0.8509371667998069,0.0
238,21.484239302172284,0.8427649563857678,0.0
239,21.350377229174008,0.8343985768233755,0.0
240,21.213448116023287,0.8258405072514554,0.0
241,21.07349253777153,0.8170932836107205,0.0
242,20.930551966277054,0.8081594978923161,0.0
243,20.78466875791611,0.7990417973697568,0.0
244,20.635886141031747,0.7897428838144842,0.0
245,20.484248203124334,0.7802655126952711,0.0
246,20.329799877787508,0.7706124923617192,0.0
247,20.17258693139331,0.760786683212082,0.0
248,20.01265594953071,0.7507909968456694,0.0
249,19.85005432320121,0.7406283952000756,0.0
250,19.684830234775937,0.7303018896734961,0.0
251,19.51703264371811,0.7198145402323819,0.0
252,19.34671127207533,0.709169454504708,0.0
253,19.173916589745847,0.6983697868591154,0.0
254,18.99869979952326,0.6874187374702037,0.0
255,18.821112821923993,0.6763195513702496,0.0
256,18.64120827980215,0.6650755174876344,0.0
257,18.459039482756214,0.6536899676722636,0.0
258,18.274660411332295,0.6421662757082685,0.0
259,18.088125701028464,0.630507856314279,0.0
260,17.899490626105134,0.6187181641315709,0.0
261,17.708811083206086,0.6068006927003804,0.0
262,17.516143574795084,0.5947589734246927,0.0
263,17.32154519241297,0.5825965745258106,0.0
264,17.125073599760228,0.5703170999850142,0.0
265,16.926787015609964,0.5579241884756228,0.0
266,16.726744196556435,0.5454215122847772,0.0
267,16.525004419604205,0.5328127762252628,0.0
268,16.321627464603075,0.5201017165376922,0.0
269,16.116673596534067,0.5072920997833792,0.0
270,15.910203547651545,0.4943877217282215,0.0
271,15.70227849948698,0.4813924062179362,0.0
272,15.492960064719536,0.468310004044971,0.0
273,15.282310268918897,0.4551443918074309,0.0
274,15.07039153216575,0.4418994707603594,0.0
275,14.85726665055538,0.4285791656597112,0.0
276,14.642998777589806,0.4151874235993629,0.0
277,14.427651405464092,0.4017282128415057,0.0
278,14.21128834625216,0.38820552164076,0.0
279,13.99397371299796,0.3746233570623725,0.0
280,13.775771900717348,0.3609857437948343,0.0
281,13.556747567316494,0.3472967229572808,0.0
282,13.33696561443231,0.3335603509020194,0.0
283,13.116491168200724,0.3197806980125451,0.0
284,12.895389559958376,0.3059618474973985,0.0
285,12.673726306883555,0.2921078941802223,0.0
286,12.451567092582035,0.2782229432863773,0.0
287,12.228977747623588,0.2643111092264743,0.0
288,12.00602423003502,0.2503765143771886,0.0
289,11.782772605755309,0.2364232878597068,0.0
290,11.559289029058895,0.222455564316181,0.0
291,11.33563972295273,0.2084774826845455,0.0
292,11.111890959552952,0.1944931849720595,0.0
293,10.888109040447056,0.1805068150279409,0.0
294,10.66436027704728,0.1665225173154549,0.0
295,10.440710970941106,0.1525444356838191,0.0
296,10.217227394244691,0.1385767121402933,0.0
297,9.993975769964978,0.1246234856228111,0.0
298,9.771022252376408,0.1106888907735255,0.0
299,9.548432907417972,0.0967770567136232,0.0
300,9.326273693116452,0.0828921058197782,0.0
301,9.104610440041633,0.069038152502602,0.0
302,8.883508831799286,0.0552193019874553,0.0
303,8.663034385567691,0.0414396490979807,0.0
304,8.44325243268351,0.0277032770427193,0.0
305,8.224228099282653,0.0140142562051658,0.0
306,8.006026287002044,0.0003766429376277,0.0
307,7.788711653747841,0.0,1.0
308,7.572348594535907,0.0,1.0
309,7.357001222410191,0.0,1.0
310,7.1427333494446295,0.0,1.0
311,6.929608467834253,0.0,1.0
312,6.717689731081108,0.0,1.0
313,6.507039935280467,0.0,1.0
314,6.297721500513023,0.0,1.0
315,6.08979645234846,0.0,1.0
316,5.8833264034659365,0.0,1.0
317,5.678372535396925,0.0,1.0
318,5.474995580395799,0.0,1.0
319,5.273255803443563,0.0,1.0
320,5.073212984390032,0.0,1.0
321,4.874926400239769,0.0,1.0
322,4.678454807587028,0.0,1.0
323,4.483856425204918,0.0,1.0
324,4.291188916793916,0.0,1.0
325,4.1005093738948695,0.0,1.0
326,3.91187429897154,0.0,1.0
327,3.725339588667708,0.0,1.0
328,3.540960517243784,0.0,1.0
329,3.3587917201978463,0.0,1.0
330,3.178887178076005,0.0,1.0
331,3.0013002004767397,0.0,1.0
332,2.826083410254151,0.0,1.0
333,2.6532887279246733,0.0,1.0
334,2.482967356281895,0.0,1.0
335,2.315169765224068,0.0,1.0
336,2.1499456767987937,0.0,1.0
337,1.9873440504692963,0.0,1.0
338,1.8274130686066936,0.0,1.0
339,1.6702001222124991,0.0,1.0
340,1.5157517968756622,0.0,1.0
341,1.3641138589682562,0.0,1.0
342,1.2153312420838915,0.0,1.0
343,1.0694480337229422,0.0,1.0
344,0.9265074622284716,0.0,1.0
345,0.7865518839767116,0.0,1.0
346,0.6496227708259994,0.0,1.0
347,0.5157606978277194,0.0,1.0
348,0.3850053312030947,0.0,1.0
349,0.2573954165891763,0.0,1.0
350,0.1329687675577258,0.0,1.0
351,0.0117622544101756,0.0,1.0
352,-0.106188206747749,0.0,1.0
353,-0.2208476646488506,0.0,1.0
354,-0.3321821432211838,0.0,1.0
355,-0.4401586516559632,0.0,1.0
356,-0.5447451941834096,0.0,1.0
357,-0.6459107795538159,0.0,1.0
358,-0.7436254302208933,0.0,1.0
359,-0.8378601912248111,0.0,1.0
360,-0.928587138772114,0.0,1.0
361,-1.0157793885102144,0.0,1.0
362,-1.0994111034937308,0.0,1.0
363,-1.1794575018406093,0.0,1.0
364,-1.2558948640754686,0.0,1.0
365,-1.3287005401582306,0.0,1.0
