occupation,Face-to-Face Discussions with Individuals and Within Teams,Contact With Others,"Indoors, Environmentally Controlled","Exposed to Sounds, Noise Levels that are Distracting or Uncomfortable",Work With or Contribute to a Work Group or Team,Spend Time Standing,Frequency of Decision Making,"Outdoors, Exposed to All Weather Conditions",Telephone Conversations,Exposed to Contaminants,"Exposed to Minor Burns, Cuts, Bites, or Stings",Impact of Decisions on Co-workers or Company Results,"Determine Tasks, Priorities and Goals",Deal With External Customers or the Public in General,Freedom to Make Decisions,Physical Proximity,Exposed to Disease or Infections,Importance of Being Exact or Accurate,Spend Time Walking or Running,"Spend Time Using Your Hands to Handle, Control, or Feel Objects, Tools, or Controls",Coordinate or Lead Others in Accomplishing Work Activities,E-Mail,Consequence of Error,Time Pressure,Spend Time Bending or Twisting Your Body,"Dealing With Unpleasant, Angry, or Discourteous People",Conflict Situations,Health and Safety of Other Workers,Importance of Repeating Same Tasks,Spend Time Making Repetitive Motions,In an Enclosed Vehicle or Operate Enclosed Equipment,Written Letters and Memos,Exposed to Very Hot or Cold Temperatures,Work Outcomes and Results of Other Workers,Spend Time Sitting,Duration of Typical Work Week,Level of Competition,"Indoors, Not Environmentally Controlled","Wear Common Protective or Safety Equipment such as Safety Shoes, Glasses, Gloves, Hearing Protection, Hard Hats, or Life Jackets",Exposed to Extremely Bright or Inadequate Lighting Conditions
animal,93.0,77.0,87.0,78.0,78.0,56.0,61.0,56.0,52.0,63.0,58.0,36.0,32.0,34.0,28.0,47.0,45.0,42.0,34.0,38.0,32.0,50.0,29.0,32.0,37.0,32.0,34.0,29.0,43.0,33.0,31.0,32.0,27.0,39.0,,,,,,
cashier,79.0,96.0,68.0,,38.0,51.0,67.0,,78.0,,,32.0,32.0,52.0,50.0,49.0,,46.0,,46.0,36.0,,,35.0,,58.0,,,27.0,29.0,,,,,,,,,,
computer_support,88.0,,95.0,,79.0,,13.0,,,,,,,,,,,,,,11.0,100.0,13.0,,,,,,,,,,,,,,,,,
data,48.0,56.0,91.0,,35.0,,,,45.0,,,44.0,79.0,,56.0,,,40.0,,44.0,,96.0,,52.0,,,,,,,,,,,76.0,63.0,65.0,,,
fast_food,62.0,89.0,68.0,,86.0,54.0,30.0,,22.0,,29.0,19.0,43.0,58.0,73.0,48.0,,50.0,38.0,,42.0,,,,57.0,78.0,42.0,40.0,54.0,64.0,,,32.0,41.0,,,,,,
lifeguard,77.0,63.0,54.0,22.0,66.0,39.0,49.0,63.0,31.0,32.0,,45.0,27.0,18.0,36.0,42.0,44.0,18.0,,,13.0,,61.0,35.0,,36.0,36.0,,,,,,25.0,35.0,24.0,,,57.0,28.0,40.0
office,74.0,82.0,90.0,,64.0,,33.0,,93.0,,,45.0,40.0,65.0,34.0,45.0,,77.0,,39.0,34.0,89.0,,42.0,,44.0,,,66.0,33.0,,33.0,,,60.0,,,,,
recreation,67.0,83.0,75.0,40.0,65.0,,57.0,,65.0,,,38.0,47.0,49.0,44.0,36.0,,37.0,,,38.0,51.0,40.0,34.0,,33.0,32.0,39.0,39.0,,,52.0,,,,,,,,
research_asst,53.0,31.0,79.0,,39.0,,,,39.0,,,,44.0,,40.0,,,47.0,,,44.0,78.0,,,,,,,35.0,,,35.0,,,78.0,,,,,
retail,88.0,89.0,78.0,,50.0,46.0,71.0,,90.0,,,47.0,44.0,64.0,29.0,55.0,,43.0,43.0,27.0,37.0,62.0,,50.0,,59.0,38.0,,34.0,,,,,,,,39.0,,,
tutor,81.0,77.0,81.0,,33.0,,43.0,,38.0,,,,50.0,43.0,45.0,62.0,,29.0,,,48.0,64.0,,36.0,,,,,,,,,,,86.0,,,,,
waiter,79.0,95.0,80.0,,70.0,80.0,35.0,,51.0,,,34.0,31.0,53.0,42.0,36.0,,43.0,59.0,36.0,44.0,,,,,48.0,,37.0,33.0,41.0,,,,30.0,,,,,59.0,
