occupation,Face-to-Face Discussions with Individuals and Within Teams,"Indoors, Environmentally Controlled",Work With or Contribute to a Work Group or Team,Telephone Conversations,Contact With Others,Importance of Being Exact or Accurate
animal,93.0,87.0,78.0,52.0,77.0,42.0
cashier,79.0,68.0,38.0,78.0,96.0,46.0
data,48.0,91.0,35.0,45.0,56.0,40.0
fast_food,62.0,68.0,86.0,22.0,89.0,50.0
lifeguard,77.0,54.0,66.0,31.0,63.0,18.0
office,74.0,90.0,64.0,93.0,82.0,77.0
recreation,67.0,75.0,65.0,65.0,83.0,37.0
research_asst,53.0,79.0,39.0,39.0,31.0,47.0
retail,88.0,78.0,50.0,90.0,89.0,43.0
tutor,81.0,81.0,33.0,38.0,77.0,29.0
waiter,79.0,80.0,70.0,51.0,95.0,43.0
