student_id,job_id,job_factor_1,job_factor_2,job_factor_3,job_factor_4,job_factor_5,job_factor_6,job_factor_7
0,0,55.0,80.0,49.0,49.0,56.0,61.0,59.0
0,1,66.0,35.0,55.0,44.0,56.0,59.0,10.0
0,2,58.0,74.0,58.0,61.0,64.0,39.0,44.0
0,3,61.0,42.0,51.0,59.0,65.0,48.0,100.0
0,4,51.0,99.0,48.0,56.0,64.0,61.0,100.0
0,5,49.0,66.0,55.0,61.0,68.0,42.0,72.0
0,6,47.0,27.0,55.0,76.0,65.0,53.0,10.0
0,7,68.0,84.0,53.0,69.0,54.0,48.0,31.0
1,0,62.0,38.0,51.0,79.0,60.0,42.0,68.0
1,1,65.0,47.0,57.0,77.0,59.0,44.0,18.0
1,2,80.0,66.0,57.0,70.0,58.0,51.0,39.0
1,3,59.0,72.0,58.0,54.0,56.0,55.0,29.0
1,4,38.0,60.0,50.0,76.0,61.0,51.0,67.0
1,5,52.0,39.0,47.0,53.0,59.0,49.0,73.0
1,6,51.0,44.0,54.0,51.0,64.0,49.0,100.0
1,7,67.0,77.0,52.0,82.0,60.0,45.0,46.0
2,0,69.0,47.0,56.0,87.0,56.0,43.0,89.0
2,1,53.0,41.0,44.0,79.0,59.0,55.0,78.0
2,2,68.0,100.0,50.0,79.0,63.0,40.0,80.0
2,3,54.0,39.0,48.0,79.0,61.0,47.0,100.0
2,4,35.0,60.0,53.0,78.0,62.0,45.0,100.0
2,5,45.0,78.0,53.0,80.0,51.0,45.0,83.0
2,6,56.0,78.0,53.0,67.0,67.0,56.0,43.0
2,7,32.0,10.0,57.0,48.0,60.0,48.0,100.0
3,0,43.0,85.0,53.0,85.0,68.0,72.0,100.0
3,1,48.0,80.0,59.0,81.0,62.0,56.0,70.0
3,2,65.0,36.0,57.0,45.0,61.0,55.0,29.0
3,3,67.0,43.0,58.0,68.0,67.0,57.0,69.0
3,4,56.0,100.0,50.0,52.0,59.0,72.0,20.0
3,5,62.0,26.0,52.0,70.0,63.0,71.0,67.0
3,6,65.0,69.0,52.0,62.0,63.0,62.0,37.0
3,7,68.0,86.0,52.0,70.0,59.0,56.0,87.0
4,0,43.0,90.0,55.0,57.0,58.0,33.0,49.0
4,1,71.0,71.0,45.0,87.0,64.0,32.0,84.0
4,2,77.0,80.0,53.0,43.0,56.0,52.0,94.0
4,3,70.0,52.0,57.0,78.0,60.0,75.0,78.0
4,4,59.0,91.0,44.0,76.0,69.0,43.0,87.0
4,5,63.0,89.0,50.0,78.0,63.0,53.0,71.0
4,6,56.0,79.0,52.0,35.0,64.0,66.0,47.0
4,7,58.0,75.0,54.0,73.0,64.0,56.0,23.0
5,0,73.0,79.0,53.0,77.0,56.0,50.0,77.0
5,1,54.0,65.0,53.0,87.0,59.0,52.0,100.0
5,2,66.0,55.0,52.0,86.0,69.0,52.0,46.0
5,3,52.0,85.0,62.0,99.0,59.0,39.0,86.0
5,4,90.0,37.0,54.0,67.0,60.0,15.0,55.0
5,5,61.0,41.0,56.0,87.0,55.0,49.0,66.0
5,6,80.0,100.0,48.0,60.0,60.0,63.0,50.0
5,7,36.0,66.0,51.0,60.0,63.0,52.0,76.0
6,0,41.0,53.0,51.0,54.0,66.0,50.0,62.0
6,1,53.0,60.0,51.0,46.0,60.0,49.0,100.0
6,2,54.0,47.0,53.0,53.0,59.0,46.0,81.0
6,3,56.0,24.0,60.0,74.0,62.0,49.0,63.0
6,4,57.0,75.0,53.0,66.0,59.0,59.0,99.0
6,5,45.0,74.0,49.0,51.0,59.0,48.0,50.0
6,6,44.0,70.0,57.0,66.0,59.0,58.0,50.0
6,7,49.0,71.0,53.0,95.0,64.0,45.0,100.0
7,0,48.0,33.0,50.0,77.0,57.0,60.0,92.0
7,1,62.0,98.0,49.0,60.0,68.0,61.0,10.0
7,2,38.0,100.0,59.0,98.0,66.0,49.0,48.0
7,3,53.0,82.0,57.0,67.0,60.0,38.0,73.0
7,4,64.0,83.0,52.0,72.0,66.0,57.0,100.0
7,5,66.0,62.0,50.0,81.0,60.0,36.0,74.0
7,6,75.0,58.0,51.0,75.0,64.0,41.0,66.0
7,7,58.0,59.0,50.0,68.0,60.0,47.0,37.0
8,0,73.0,49.0,44.0,91.0,67.0,29.0,92.0
8,1,38.0,81.0,51.0,37.0,56.0,60.0,40.0
8,2,65.0,67.0,47.0,47.0,68.0,36.0,66.0
8,3,63.0,97.0,53.0,78.0,55.0,58.0,73.0
8,4,53.0,22.0,49.0,95.0,70.0,64.0,51.0
8,5,54.0,64.0,52.0,76.0,65.0,51.0,66.0
8,6,71.0,100.0,55.0,67.0,62.0,20.0,71.0
8,7,60.0,58.0,56.0,92.0,57.0,52.0,33.0
9,0,42.0,51.0,52.0,66.0,61.0,59.0,33.0
9,1,60.0,100.0,59.0,46.0,57.0,63.0,67.0
9,2,59.0,90.0,52.0,71.0,54.0,54.0,84.0
9,3,61.0,67.0,48.0,73.0,66.0,57.0,32.0
9,4,82.0,90.0,56.0,82.0,57.0,48.0,100.0
9,5,67.0,19.0,50.0,77.0,57.0,43.0,30.0
9,6,61.0,68.0,51.0,78.0,55.0,43.0,92.0
9,7,35.0,82.0,49.0,66.0,68.0,51.0,86.0
10,0,32.0,61.0,62.0,60.0,53.0,43.0,82.0
10,1,74.0,45.0,55.0,53.0,59.0,57.0,74.0
10,2,63.0,89.0,61.0,28.0,64.0,49.0,95.0
10,3,49.0,100.0,55.0,63.0,60.0,58.0,100.0
10,4,56.0,78.0,50.0,83.0,58.0,51.0,92.0
10,5,69.0,37.0,47.0,61.0,57.0,61.0,57.0
10,6,52.0,47.0,56.0,50.0,59.0,49.0,45.0
10,7,71.0,66.0,52.0,70.0,62.0,46.0,42.0
11,0,57.0,30.0,47.0,95.0,57.0,51.0,57.0
11,1,60.0,94.0,53.0,46.0,60.0,45.0,49.0
11,2,45.0,43.0,54.0,75.0,71.0,56.0,84.0
11,3,61.0,51.0,58.0,78.0,55.0,42.0,100.0
11,4,75.0,32.0,51.0,85.0,56.0,43.0,35.0
11,5,74.0,79.0,59.0,44.0,60.0,57.0,83.0
11,6,57.0,10.0,55.0,38.0,59.0,52.0,25.0
11,7,63.0,60.0,53.0,60.0,58.0,60.0,94.0
12,0,53.0,28.0,50.0,69.0,58.0,64.0,19.0
12,1,55.0,86.0,47.0,71.0,57.0,51.0,83.0
12,2,62.0,67.0,53.0,66.0,63.0,59.0,16.0
12,3,65.0,89.0,56.0,57.0,62.0,45.0,66.0
12,4,58.0,61.0,54.0,74.0,63.0,55.0,33.0
12,5,80.0,11.0,50.0,68.0,61.0,57.0,64.0
12,6,53.0,27.0,53.0,64.0,63.0,48.0,77.0
12,7,44.0,59.0,58.0,86.0,56.0,48.0,100.0
13,0,27.0,100.0,50.0,100.0,64.0,49.0,100.0
13,1,53.0,66.0,56.0,56.0,58.0,54.0,95.0
13,2,81.0,85.0,54.0,45.0,69.0,59.0,100.0
13,3,61.0,49.0,54.0,52.0,61.0,40.0,72.0
13,4,72.0,26.0,52.0,51.0,61.0,55.0,90.0
13,5,79.0,78.0,49.0,44.0,62.0,69.0,44.0
13,6,58.0,49.0,48.0,65.0,58.0,54.0,100.0
13,7,41.0,100.0,55.0,45.0,64.0,65.0,75.0
14,0,57.0,47.0,54.0,59.0,58.0,58.0,56.0
14,1,48.0,61.0,57.0,56.0,77.0,50.0,47.0
14,2,26.0,100.0,54.0,67.0,56.0,51.0,100.0
14,3,66.0,43.0,40.0,67.0,54.0,47.0,100.0
14,4,72.0,82.0,54.0,72.0,59.0,47.0,100.0
14,5,54.0,74.0,53.0,76.0,61.0,58.0,86.0
14,6,66.0,59.0,45.0,67.0,56.0,38.0,69.0
14,7,42.0,45.0,53.0,52.0,63.0,49.0,86.0
15,0,46.0,94.0,54.0,92.0,53.0,33.0,100.0
15,1,90.0,68.0,46.0,80.0,57.0,45.0,40.0
15,2,73.0,78.0,54.0,85.0,62.0,61.0,68.0
15,3,80.0,71.0,57.0,65.0,58.0,50.0,100.0
15,4,63.0,80.0,53.0,89.0,52.0,61.0,97.0
15,5,57.0,26.0,56.0,75.0,53.0,38.0,84.0
15,6,53.0,51.0,47.0,59.0,62.0,50.0,100.0
15,7,47.0,16.0,52.0,56.0,57.0,40.0,71.0
16,0,70.0,53.0,55.0,44.0,66.0,55.0,100.0
16,1,69.0,74.0,54.0,69.0,53.0,48.0,89.0
16,2,64.0,100.0,56.0,50.0,57.0,56.0,67.0
16,3,62.0,93.0,46.0,99.0,54.0,38.0,35.0
16,4,52.0,40.0,46.0,56.0,63.0,53.0,96.0
16,5,46.0,97.0,52.0,58.0,60.0,43.0,38.0
16,6,65.0,91.0,53.0,42.0,62.0,56.0,98.0
16,7,50.0,85.0,57.0,49.0,57.0,59.0,53.0
17,0,66.0,75.0,53.0,55.0,58.0,53.0,35.0
17,1,56.0,32.0,53.0,68.0,54.0,60.0,61.0
17,2,58.0,55.0,46.0,75.0,66.0,66.0,95.0
17,3,92.0,47.0,48.0,81.0,61.0,60.0,75.0
17,4,41.0,52.0,56.0,55.0,59.0,65.0,60.0
17,5,64.0,80.0,56.0,65.0,52.0,39.0,81.0
17,6,53.0,32.0,47.0,42.0,63.0,52.0,58.0
17,7,80.0,100.0,53.0,51.0,57.0,53.0,66.0
18,0,43.0,83.0,47.0,55.0,60.0,45.0,100.0
18,1,64.0,67.0,48.0,44.0,50.0,68.0,94.0
18,2,72.0,56.0,52.0,37.0,58.0,60.0,86.0
18,3,64.0,29.0,55.0,71.0,57.0,47.0,47.0
18,4,59.0,37.0,50.0,70.0,66.0,40.0,100.0
18,5,35.0,31.0,55.0,68.0,67.0,44.0,100.0
18,6,63.0,73.0,57.0,69.0,62.0,47.0,58.0
18,7,56.0,63.0,54.0,84.0,73.0,44.0,88.0
19,0,54.0,40.0,48.0,43.0,59.0,48.0,100.0
19,1,49.0,73.0,50.0,67.0,63.0,57.0,98.0
19,2,59.0,34.0,53.0,44.0,64.0,53.0,53.0
19,3,51.0,59.0,55.0,61.0,64.0,57.0,74.0
19,4,75.0,57.0,56.0,82.0,50.0,57.0,61.0
19,5,40.0,59.0,48.0,52.0,63.0,54.0,92.0
19,6,79.0,80.0,52.0,64.0,59.0,36.0,61.0
19,7,67.0,85.0,57.0,54.0,65.0,72.0,92.0
20,0,37.0,89.0,60.0,55.0,65.0,56.0,55.0
20,1,70.0,81.0,51.0,51.0,50.0,41.0,86.0
20,2,76.0,66.0,54.0,58.0,58.0,56.0,100.0
20,3,65.0,75.0,57.0,52.0,61.0,45.0,100.0
20,4,54.0,56.0,50.0,56.0,61.0,41.0,36.0
20,5,53.0,78.0,58.0,74.0,63.0,54.0,36.0
20,6,64.0,75.0,58.0,77.0,61.0,48.0,100.0
20,7,64.0,63.0,55.0,58.0,61.0,43.0,25.0
21,0,58.0,80.0,55.0,72.0,62.0,67.0,68.0
21,1,42.0,53.0,57.0,59.0,61.0,40.0,100.0
21,2,57.0,10.0,52.0,53.0,61.0,55.0,53.0
21,3,89.0,52.0,55.0,90.0,64.0,52.0,46.0
21,4,55.0,69.0,55.0,54.0,63.0,60.0,46.0
21,5,79.0,71.0,49.0,56.0,50.0,51.0,44.0
21,6,62.0,71.0,59.0,73.0,60.0,50.0,70.0
21,7,35.0,91.0,45.0,74.0,52.0,63.0,80.0
22,0,79.0,44.0,63.0,64.0,67.0,45.0,35.0
22,1,65.0,54.0,48.0,56.0,59.0,50.0,92.0
22,2,54.0,39.0,61.0,47.0,59.0,48.0,21.0
22,3,40.0,73.0,48.0,72.0,56.0,40.0,93.0
22,4,46.0,72.0,53.0,31.0,55.0,62.0,97.0
22,5,58.0,62.0,54.0,58.0,62.0,39.0,100.0
22,6,78.0,40.0,59.0,60.0,53.0,58.0,100.0
22,7,72.0,71.0,53.0,51.0,51.0,55.0,66.0
23,0,59.0,35.0,52.0,54.0,61.0,62.0,87.0
23,1,67.0,80.0,54.0,83.0,64.0,56.0,95.0
23,2,63.0,35.0,59.0,58.0,58.0,57.0,10.0
23,3,59.0,70.0,54.0,49.0,60.0,56.0,48.0
23,4,25.0,62.0,51.0,48.0,61.0,56.0,57.0
23,5,71.0,44.0,51.0,68.0,59.0,60.0,100.0
23,6,58.0,89.0,52.0,47.0,64.0,68.0,100.0
23,7,48.0,68.0,50.0,54.0,60.0,39.0,42.0
24,0,49.0,100.0,50.0,56.0,67.0,62.0,41.0
24,1,34.0,100.0,52.0,50.0,64.0,44.0,48.0
24,2,47.0,62.0,42.0,47.0,54.0,54.0,81.0
24,3,47.0,75.0,49.0,62.0,61.0,28.0,37.0
24,4,60.0,60.0,55.0,32.0,62.0,69.0,58.0
24,5,31.0,61.0,48.0,95.0,63.0,44.0,33.0
24,6,46.0,87.0,54.0,38.0,74.0,55.0,82.0
24,7,48.0,100.0,56.0,72.0,62.0,54.0,100.0
25,0,47.0,74.0,53.0,42.0,64.0,70.0,84.0
25,1,59.0,19.0,52.0,33.0,67.0,37.0,100.0
25,2,57.0,64.0,57.0,63.0,65.0,61.0,62.0
25,3,69.0,29.0,55.0,80.0,52.0,53.0,61.0
25,4,58.0,64.0,56.0,67.0,65.0,43.0,90.0
25,5,66.0,100.0,54.0,76.0,61.0,47.0,38.0
25,6,55.0,46.0,52.0,64.0,70.0,50.0,44.0
25,7,33.0,38.0,54.0,65.0,62.0,65.0,49.0
26,0,50.0,47.0,55.0,85.0,62.0,47.0,100.0
26,1,55.0,100.0,53.0,50.0,57.0,45.0,46.0
26,2,38.0,66.0,54.0,74.0,60.0,43.0,61.0
26,3,59.0,67.0,52.0,67.0,61.0,67.0,100.0
26,4,62.0,51.0,54.0,66.0,63.0,47.0,78.0
26,5,86.0,40.0,52.0,67.0,61.0,63.0,90.0
26,6,53.0,66.0,52.0,66.0,66.0,42.0,81.0
26,7,55.0,64.0,51.0,50.0,60.0,62.0,16.0
27,0,53.0,50.0,53.0,67.0,63.0,64.0,82.0
27,1,59.0,52.0,59.0,74.0,60.0,55.0,100.0
27,2,59.0,82.0,56.0,51.0,59.0,45.0,52.0
27,3,45.0,42.0,53.0,52.0,56.0,50.0,100.0
27,4,79.0,64.0,54.0,77.0,61.0,60.0,26.0
27,5,61.0,73.0,59.0,58.0,59.0,45.0,50.0
27,6,72.0,40.0,47.0,82.0,65.0,58.0,70.0
27,7,56.0,54.0,53.0,56.0,61.0,47.0,20.0
28,0,54.0,62.0,58.0,62.0,59.0,61.0,47.0
28,1,97.0,34.0,53.0,77.0,63.0,66.0,26.0
28,2,73.0,67.0,50.0,66.0,64.0,29.0,35.0
28,3,51.0,100.0,56.0,74.0,60.0,57.0,58.0
28,4,54.0,24.0,52.0,43.0,53.0,55.0,100.0
28,5,61.0,53.0,51.0,51.0,67.0,39.0,47.0
28,6,59.0,100.0,50.0,79.0,60.0,56.0,77.0
28,7,43.0,94.0,51.0,75.0,56.0,60.0,82.0
29,0,57.0,74.0,48.0,53.0,61.0,37.0,39.0
29,1,61.0,79.0,49.0,75.0,65.0,41.0,77.0
29,2,45.0,65.0,48.0,55.0,66.0,62.0,67.0
29,3,74.0,40.0,45.0,56.0,69.0,52.0,80.0
29,4,66.0,25.0,53.0,68.0,59.0,34.0,70.0
29,5,66.0,39.0,59.0,86.0,63.0,58.0,24.0
29,6,70.0,62.0,49.0,81.0,55.0,49.0,75.0
29,7,57.0,36.0,50.0,51.0,59.0,68.0,100.0
30,0,34.0,53.0,49.0,89.0,59.0,48.0,100.0
30,1,61.0,79.0,48.0,65.0,58.0,45.0,96.0
30,2,61.0,100.0,52.0,28.0,60.0,61.0,69.0
30,3,62.0,83.0,59.0,90.0,55.0,54.0,67.0
30,4,21.0,20.0,55.0,84.0,63.0,28.0,62.0
30,5,63.0,100.0,55.0,44.0,63.0,65.0,95.0
30,6,47.0,45.0,49.0,70.0,62.0,57.0,100.0
30,7,57.0,36.0,56.0,41.0,62.0,49.0,84.0
31,0,50.0,39.0,51.0,83.0,57.0,49.0,10.0
31,1,80.0,42.0,49.0,69.0,55.0,56.0,46.0
31,2,62.0,76.0,53.0,49.0,63.0,49.0,77.0
31,3,86.0,35.0,47.0,71.0,64.0,64.0,21.0
31,4,68.0,100.0,47.0,61.0,56.0,56.0,100.0
31,5,73.0,55.0,57.0,37.0,68.0,42.0,77.0
31,6,81.0,54.0,55.0,62.0,63.0,49.0,33.0
31,7,56.0,74.0,53.0,72.0,58.0,43.0,100.0
32,0,60.0,49.0,50.0,41.0,54.0,38.0,95.0
32,1,42.0,51.0,53.0,72.0,56.0,67.0,31.0
32,2,41.0,89.0,56.0,16.0,65.0,62.0,100.0
32,3,84.0,56.0,50.0,60.0,67.0,39.0,78.0
32,4,56.0,99.0,51.0,63.0,67.0,67.0,100.0
32,5,76.0,100.0,52.0,28.0,58.0,55.0,53.0
32,6,79.0,51.0,52.0,45.0,69.0,54.0,40.0
32,7,52.0,61.0,43.0,79.0,63.0,45.0,10.0
33,0,53.0,63.0,56.0,72.0,62.0,50.0,87.0
33,1,31.0,53.0,50.0,34.0,64.0,41.0,100.0
33,2,45.0,70.0,51.0,70.0,54.0,28.0,33.0
33,3,76.0,100.0,52.0,70.0,57.0,52.0,62.0
33,4,44.0,54.0,53.0,50.0,54.0,35.0,82.0
33,5,41.0,72.0,54.0,45.0,61.0,45.0,42.0
33,6,61.0,83.0,53.0,56.0,53.0,52.0,73.0
33,7,72.0,95.0,55.0,36.0,58.0,52.0,71.0
34,0,51.0,91.0,55.0,78.0,55.0,37.0,69.0
34,1,40.0,64.0,51.0,78.0,57.0,46.0,72.0
34,2,68.0,87.0,56.0,54.0,61.0,43.0,89.0
34,3,35.0,84.0,55.0,36.0,61.0,65.0,58.0
34,4,39.0,56.0,48.0,47.0,68.0,38.0,76.0
34,5,62.0,25.0,50.0,87.0,58.0,45.0,68.0
34,6,57.0,100.0,49.0,58.0,59.0,48.0,100.0
34,7,70.0,71.0,42.0,63.0,61.0,50.0,99.0
35,0,59.0,55.0,52.0,61.0,70.0,42.0,45.0
35,1,69.0,36.0,63.0,54.0,57.0,55.0,98.0
35,2,52.0,90.0,52.0,71.0,47.0,53.0,80.0
35,3,28.0,20.0,53.0,59.0,67.0,55.0,100.0
35,4,54.0,68.0,44.0,70.0,60.0,39.0,52.0
35,5,72.0,22.0,46.0,54.0,59.0,57.0,39.0
35,6,40.0,57.0,46.0,75.0,51.0,54.0,75.0
35,7,59.0,31.0,57.0,58.0,51.0,54.0,51.0
36,0,54.0,20.0,48.0,51.0,70.0,51.0,63.0
36,1,32.0,100.0,59.0,81.0,62.0,54.0,63.0
36,2,47.0,58.0,55.0,69.0,68.0,73.0,80.0
36,3,71.0,62.0,52.0,58.0,47.0,47.0,24.0
36,4,79.0,38.0,52.0,59.0,67.0,57.0,88.0
36,5,77.0,81.0,51.0,73.0,61.0,45.0,100.0
36,6,75.0,82.0,59.0,67.0,68.0,64.0,57.0
36,7,64.0,71.0,53.0,70.0,52.0,64.0,73.0
37,0,84.0,86.0,57.0,39.0,53.0,59.0,19.0
37,1,57.0,55.0,52.0,85.0,62.0,51.0,84.0
37,2,62.0,82.0,57.0,72.0,65.0,49.0,40.0
37,3,37.0,42.0,56.0,66.0,76.0,55.0,18.0
37,4,73.0,70.0,53.0,49.0,63.0,29.0,95.0
37,5,55.0,61.0,52.0,88.0,65.0,60.0,25.0
37,6,60.0,56.0,49.0,59.0,56.0,57.0,79.0
37,7,45.0,90.0,49.0,55.0,62.0,46.0,82.0
38,0,69.0,91.0,50.0,70.0,53.0,44.0,59.0
38,1,35.0,52.0,52.0,100.0,69.0,64.0,61.0
38,2,54.0,58.0,50.0,68.0,58.0,55.0,56.0
38,3,59.0,56.0,50.0,63.0,63.0,40.0,81.0
38,4,51.0,100.0,54.0,78.0,55.0,63.0,100.0
38,5,50.0,100.0,49.0,78.0,60.0,64.0,10.0
38,6,28.0,88.0,54.0,65.0,68.0,70.0,100.0
38,7,58.0,78.0,59.0,56.0,59.0,49.0,66.0
39,0,59.0,42.0,49.0,53.0,62.0,63.0,100.0
39,1,64.0,85.0,49.0,86.0,67.0,52.0,46.0
39,2,91.0,73.0,52.0,38.0,62.0,56.0,76.0
39,3,46.0,68.0,52.0,92.0,57.0,40.0,58.0
39,4,71.0,78.0,56.0,35.0,62.0,53.0,39.0
39,5,31.0,15.0,53.0,64.0,58.0,54.0,82.0
39,6,37.0,89.0,58.0,48.0,61.0,46.0,94.0
39,7,51.0,80.0,59.0,49.0,60.0,44.0,79.0
40,0,80.0,31.0,53.0,36.0,70.0,75.0,38.0
40,1,58.0,35.0,51.0,84.0,56.0,36.0,65.0
40,2,55.0,30.0,52.0,49.0,62.0,55.0,87.0
40,3,45.0,49.0,52.0,57.0,54.0,68.0,47.0
40,4,100.0,82.0,53.0,33.0,58.0,53.0,76.0
40,5,52.0,10.0,57.0,47.0,51.0,78.0,88.0
40,6,76.0,61.0,51.0,63.0,52.0,48.0,94.0
40,7,65.0,38.0,50.0,63.0,64.0,41.0,83.0
41,0,48.0,81.0,58.0,74.0,62.0,63.0,89.0
41,1,51.0,76.0,48.0,88.0,62.0,40.0,92.0
41,2,68.0,47.0,51.0,83.0,59.0,52.0,100.0
41,3,54.0,91.0,53.0,68.0,55.0,64.0,10.0
41,4,32.0,83.0,52.0,77.0,48.0,61.0,93.0
41,5,49.0,72.0,61.0,62.0,54.0,55.0,39.0
41,6,61.0,58.0,48.0,54.0,56.0,61.0,36.0
41,7,41.0,59.0,45.0,92.0,66.0,39.0,66.0
42,0,51.0,62.0,48.0,64.0,60.0,47.0,62.0
42,1,27.0,34.0,49.0,46.0,55.0,51.0,81.0
42,2,41.0,47.0,59.0,71.0,60.0,54.0,21.0
42,3,53.0,33.0,43.0,44.0,55.0,39.0,96.0
42,4,51.0,25.0,53.0,47.0,60.0,51.0,53.0
42,5,69.0,80.0,52.0,68.0,57.0,52.0,42.0
42,6,70.0,49.0,51.0,82.0,65.0,63.0,75.0
42,7,71.0,89.0,51.0,54.0,61.0,41.0,20.0
43,0,64.0,78.0,54.0,81.0,59.0,48.0,43.0
43,1,59.0,63.0,54.0,69.0,58.0,61.0,52.0
43,2,74.0,52.0,58.0,77.0,62.0,74.0,46.0
43,3,72.0,72.0,50.0,71.0,60.0,50.0,73.0
43,4,47.0,47.0,47.0,72.0,67.0,40.0,79.0
43,5,45.0,53.0,58.0,84.0,58.0,32.0,21.0
43,6,60.0,86.0,47.0,78.0,70.0,46.0,37.0
43,7,32.0,66.0,47.0,87.0,60.0,56.0,76.0
44,0,67.0,64.0,51.0,74.0,59.0,49.0,75.0
44,1,52.0,32.0,47.0,49.0,63.0,43.0,10.0
44,2,58.0,44.0,57.0,39.0,55.0,67.0,47.0
44,3,57.0,77.0,59.0,56.0,54.0,48.0,100.0
44,4,67.0,51.0,50.0,72.0,60.0,53.0,57.0
44,5,56.0,76.0,56.0,48.0,58.0,49.0,77.0
44,6,54.0,80.0,55.0,66.0,58.0,56.0,82.0
44,7,57.0,100.0,60.0,35.0,56.0,59.0,10.0
45,0,86.0,30.0,46.0,64.0,57.0,31.0,59.0
45,1,62.0,100.0,57.0,53.0,59.0,56.0,100.0
45,2,45.0,100.0,52.0,80.0,58.0,64.0,75.0
45,3,44.0,43.0,51.0,64.0,65.0,48.0,31.0
45,4,61.0,49.0,50.0,85.0,56.0,56.0,20.0
45,5,51.0,61.0,52.0,70.0,64.0,58.0,100.0
45,6,41.0,88.0,48.0,76.0,68.0,54.0,56.0
45,7,53.0,31.0,49.0,44.0,66.0,60.0,42.0
46,0,80.0,30.0,59.0,78.0,63.0,41.0,29.0
46,1,44.0,61.0,53.0,50.0,61.0,53.0,10.0
46,2,64.0,63.0,50.0,75.0,64.0,38.0,47.0
46,3,51.0,57.0,55.0,67.0,62.0,59.0,10.0
46,4,78.0,77.0,50.0,38.0,56.0,66.0,54.0
46,5,32.0,38.0,51.0,49.0,55.0,47.0,12.0
46,6,52.0,70.0,57.0,67.0,61.0,46.0,100.0
46,7,70.0,79.0,55.0,65.0,69.0,59.0,47.0
47,0,31.0,32.0,55.0,88.0,64.0,50.0,64.0
47,1,72.0,46.0,53.0,51.0,58.0,52.0,71.0
47,2,50.0,56.0,52.0,48.0,60.0,59.0,46.0
47,3,39.0,97.0,45.0,91.0,64.0,50.0,29.0
47,4,49.0,79.0,48.0,40.0,64.0,44.0,62.0
47,5,48.0,26.0,45.0,98.0,65.0,58.0,46.0
47,6,51.0,93.0,51.0,55.0,64.0,48.0,61.0
47,7,76.0,100.0,48.0,72.0,65.0,66.0,61.0
48,0,63.0,51.0,49.0,69.0,55.0,41.0,47.0
48,1,68.0,47.0,53.0,87.0,70.0,38.0,57.0
48,2,48.0,67.0,58.0,74.0,51.0,41.0,45.0
48,3,37.0,85.0,50.0,61.0,69.0,76.0,66.0
48,4,69.0,59.0,54.0,53.0,60.0,58.0,79.0
48,5,66.0,61.0,53.0,53.0,59.0,49.0,63.0
48,6,68.0,68.0,56.0,67.0,53.0,58.0,27.0
48,7,72.0,100.0,51.0,76.0,58.0,44.0,94.0
49,0,68.0,66.0,49.0,60.0,62.0,29.0,36.0
49,1,72.0,83.0,53.0,84.0,59.0,33.0,40.0
49,2,45.0,100.0,52.0,58.0,62.0,53.0,87.0
49,3,68.0,16.0,57.0,64.0,60.0,50.0,100.0
49,4,60.0,65.0,51.0,81.0,65.0,28.0,12.0
49,5,75.0,64.0,52.0,44.0,60.0,51.0,39.0
49,6,42.0,100.0,52.0,67.0,64.0,43.0,16.0
49,7,58.0,25.0,48.0,61.0,68.0,62.0,27.0
